tweet_id,author,text,user_id,profile_text,hashtags
1518848459964571648,AndiKoelle,"Die Leitung des Arbeitskreis #Sicherheit der @_CDU_Koeln im GesprÃ¤ch mit unserem Innenminister Herbert #Reul, bei seinem gestrigen Besuch in #KÃ¶ln.
FÃ¼r NRW gilt: Null Toleranz bei ClankriminalitÃ¤t!
#CDU #ltwnrw22",1054746854695600128,"Stv. Parteichef @CDU KÃ¶ln, konservativğŸ“#KÃ¶ln & Marburg, #SGE","[{'indices': [29, 40], 'text': 'Sicherheit'}, {'indices': [103, 108], 'text': 'Reul'}, {'indices': [141, 146], 'text': 'KÃ¶ln'}, {'indices': [198, 202], 'text': 'CDU'}, {'indices': [203, 212], 'text': 'ltwnrw22'}]"
1495854351197294595,brocolize_me,"@fbanaszak @sloetree @gruenenrw @MonaNeubaur Sorry, dass ich hier so reingrÃ¤tsche. DÃ¼rfte ich mal fragen, welche BeweggrÃ¼nde dazu gefÃ¼hrt haben, dass die GrÃ¼nen sich fÃ¼r die Legalisierung aussprechen? Es liegt ja anscheinend nicht daran, dass man erkannt hat, welches Unrecht die Prohibition bedeutet.",1289158781331484673,"Vorstand Cannabis Social Club Bochum @CSC_Bochum
Mitglied bei @LEAPDeutschland
#CSCInitiative #LEAP",
1504016876996907011,Hanna_Wells_,"Die GrÃ¼nen sind lost in diesem Punkt, zu meinem unermesslichen Bedauern.

Aber vielleicht fÃ¼r @spd_fraktion_nw und @CDU @Frauenunion interessant.

#frauensagennein
https://t.co/c9WflqLkk5",1462875272886194176,"Frau. Mutter. Atheistin. Pronomen und die Begriffe ""Mann"" und ""Frau"" verwende ich stets bezogen auf das Geschlecht, nicht ""IdentitÃ¤t"" oder Geschlechtseintrag.","[{'indices': [147, 163], 'text': 'frauensagennein'}]"
1488522574397071368,wieschemann,#Kretschmann befindet sich in guter Gesellschaft mit #Kutschaty,562666366,"lawyer from Bochum tweeting about sportslaw & doping
Deutschlands Beste AnwÃ¤lte 2023 Sportrecht Ranking des Handelsblatt / Best Lawyers","[{'indices': [0, 12], 'text': 'Kretschmann'}, {'indices': [53, 63], 'text': 'Kutschaty'}]"
1514113652407820289,handwerksblatt,#ltwnrw22: Welche #Rahmenbedingungen setzt die #Politik fÃ¼r den #Mittelstand? #Politiker diskutierten beim #UVH-Unternehmertag Ã¼ber handwerkspolitische Themen. #handwerk #nrw @GoekenMdl @brockes @RolandSchueren #Handwerkspolitik https://t.co/fRexVO16G7 Foto: Â© auremar/123RF.com https://t.co/v1hdrfu4E1,49924054,"Deutsches Handwerksblatt. Infos + geldwerte Tipps fÃ¼r #Handwerk, #Mittelstand, #KMU, DÃ¼sseldorf. E-Mail: info@handwerksblatt.de. Fotos: https://t.co/b0azTwrKSX","[{'indices': [0, 9], 'text': 'ltwnrw22'}, {'indices': [18, 36], 'text': 'Rahmenbedingungen'}, {'indices': [47, 55], 'text': 'Politik'}, {'indices': [64, 76], 'text': 'Mittelstand'}, {'indices': [78, 88], 'text': 'Politiker'}, {'indices': [107, 111], 'text': 'UVH'}, {'indices': [160, 169], 'text': 'handwerk'}, {'indices': [170, 174], 'text': 'nrw'}, {'indices': [211, 228], 'text': 'Handwerkspolitik'}]"
1525712666609819648,huber_isabell,"Heute ist #ltwnrw22! Mit @HendrikWuest hat #NRW einen MinisterprÃ¤sidenten, der macht, worauf es ankommt. Er setzt die richtigen PrioritÃ¤ten und stellt die Weichen fÃ¼r die Zukunft! Die Menschen kÃ¶nnen sich auf ihn verlassen. Deshalb: Heute #CDU wÃ¤hlen!",1516702226563145728,"Landtagsabgeordnete fÃ¼r den Wahlkreis Neckarsulm, Ortsvorsteherin meiner Heimatgemeinde WÃ¼stenrot","[{'indices': [10, 19], 'text': 'ltwnrw22'}, {'indices': [43, 47], 'text': 'NRW'}, {'indices': [239, 243], 'text': 'CDU'}]"
1498292809958400006,wwInvestigation,@HendrikWuest Sie sind erbÃ¤rmlich und an Doppelmoral kaum mehr zu Ã¼berbieten! Ekelhaft solche Typen wie Sie!,3235449327,"""Ich werde dafÃ¼r bezahlt misstrauisch zu sein, wenn es gar keinen Grund gibt, misstrauisch zu sein"" | RotgrÃ¼n ğŸ‘ | Konservativ ğŸ‘",
1499701889289666564,AfDDuesseldorf,"+++ Es ist nicht vorbei: Mehr als 200 Bundestagsabgeordnete sind offenbar fest entschlossen eine Impfpflicht ab 18 zu beschlieÃŸen +++ 
Deshalb sind unser Protest und der morgige #AfD Aktionstag #gesundohnezwang auch so wichtig! #neinzurimpfpflicht Wir sehen uns in #DÃ¼sseldorf",835141419601920000,"Unser ğŸ’™ schlÃ¤gt blau. FÃ¼r eine bÃ¼rgerlich-freiheitliche Politik in DÃ¼sseldorf. Mitglied werden, Kanal unterstÃ¼tzen! #afd #unserlandzuerst #zeitfÃ¼rdeutschland","[{'indices': [178, 182], 'text': 'AfD'}, {'indices': [194, 210], 'text': 'gesundohnezwang'}, {'indices': [228, 247], 'text': 'neinzurimpfpflicht'}, {'indices': [265, 276], 'text': 'DÃ¼sseldorf'}]"
1501356295189901313,DerEwiggestrige,"@nrwspd Was zeichnet richtige verlierer aus? Wenn sie einen Verlierer diffamieren um von ihrem eigenen versagen abzulenken. Aber mit 12 â‚¬ Mindestlohn kompensiert man die bald 2,50 Benzinkosten ja locker ğŸ¤¡",1489368670270889995,Berufspolemiker - NichtbinÃ¤ritÃ¤tsleugner ğŸ¥ - Abschiebeaktivist âœˆï¸ - GrÃ¼nennichtwÃ¤hler ğŸ’› - Experte fÃ¼r Hass und Hetze âœŠğŸ¿  - Nationalliberal ğŸ’›ğŸ—½ğŸ‡©ğŸ‡ª,
1501263376395034636,AfDKoeln,Es gibt eine Mehrheit im Deutschen #Bundestag jenseits der GrÃ¼nen.,719847464791076864,Kreisverband #KÃ¶ln der Alternative fÃ¼r Deutschland | https://t.co/4unaGkHFvs I Kanal der KÃ¶lner AfD Ratsfraktion hier: @afdkoelnerrat,"[{'indices': [35, 45], 'text': 'Bundestag'}]"
1517151682232152069,MeyerGringo,"@Himmel_und_Erde @AlternativeNRW @Karl_Lauterbach @NancyFaeser @HendrikWuest Mehr Waffen ,mehr Tod ,Elend und ZerstÃ¶rung . Am Ende kann die Ukraine nicht gegen eine Atommacht gewinnen .
AfD und Linkspartei haben es erkannt .
Die Kriegstreiber ,die davon profitieren, reiben sich genÃ¼sslich die HÃ¤nde ..
ğŸ˜°ğŸ’€â˜ ğŸ’€",1214193819710713856,"Recht und Gerechtigkeit, Tradition ğŸ‡©ğŸ‡ªğŸ‡®ğŸ‡±
Was sich bewÃ¤hrt hat ,bewahren !
like nicht = Zustimmung.",
1493562689272037379,Skippydasbusch1,"@HendrikWuest Ich freue mich auf Mai, Herr WÃ¼st, wenn Sie die Quittung bekommen fÃ¼r Ihre Worte und Taten. #NieMehrCDUCSU",1331649578555334665,"Dem Wahnsinn in Deutschland und der EU entflohen, richte ich aber weiterhin den Blick auf die degenerierten ZustÃ¤nde dort.","[{'indices': [106, 120], 'text': 'NieMehrCDUCSU'}]"
1491006850011385857,samurai_der,@ju_khatib Und Jules - was willst Du uns damit sagen ğŸ¤·â€â™‚ï¸ dass Jeff und Elon Millionen Menschen von Ihren GeschÃ¤ftsideen Ã¼berzeugt haben und diese dann dafÃ¼r viel Geld anbieten um daran teilzuhaben ğŸ§ oder was ğŸ˜,1158834642373566470,"FrÃ¼her war die SPD noch eine Arbeiterpartei, die FDP liberal, die CDU konservativ und die GrÃ¼nen unwÃ¤hlbar. Und jetzt haben die Irren die Anstalt Ã¼bernommenen.",
1510168539218513923,Atom_Radar,"#Energiewende statt #LaufzeitverlÃ¤ngerung! ""Jede Windkraftanlage ist ein StÃ¼ck Sicherheit, jede Photovoltaikanlage ein StÃ¼ck UnabhÃ¤ngigkeit"" - https://t.co/OT3Mw3XOiw #atomausstieg @ThomasKutschaty @nrwspd",1301105444371533824,Atomradar - auch nach dem Ende der #AKW in Deutschland gibt es wichtige Infos zu #Atomkraft #AtommÃ¼ll & mehr - Ein Service von .ausgestrahlt,"[{'indices': [0, 13], 'text': 'Energiewende'}, {'indices': [20, 41], 'text': 'LaufzeitverlÃ¤ngerung'}, {'indices': [167, 180], 'text': 'atomausstieg'}]"
1488423872303149056,BSNHAH,@fdp_krefeld Eure â€Rechtsextremenâ€œ sind auÃŸen so â€šbraunâ€˜ wie Ihr innen ğŸ˜œ https://t.co/1fHHdmuDdK,2148752347,"Warnung dieser Twitteraccount kann politisch/sarkastische und satirische Themen beinhalten, mein Bademantel liegt bereit im â€Besten Deutschland aller Zeitenâ€œ",
1498074058323288065,bluehmkes,"@RadtkeMdEP Ich mag die AFD und Die Linke auch nicht. Neue FlÃ¼chtlinge benÃ¶tigt Deutschland und NRW aber auch nicht mehr.
Die Staaten der Osterweiterung kÃ¶nnen jetzt mal zeigen das sie zur EU gehÃ¶ren.",1496749688158134275,"Was wir weniger brauchen, sind GrÃ¼ne, linken Schwachsinn, Feministinnen, Frauenquote, GenderscheiÃŸe und die Welt wird sich weiterdrehen, noch 3,5 Mill. Jahre !",
1510583709262659584,sleepinggermany,"@SHomburg @HendrikWuest Gerne teilen. Der MDR (!) legt nach.
Manche Ã„rzte werden wegen Impfnebenwirkungen von Patientenanfragen Ã¼berrollt!

#mdr
#Lauterbachluegt

https://t.co/MBrQvkAz00",1167551955658563586,"ğŸ‡©ğŸ‡ªğŸ‡®ğŸ‡¹ğŸ´â€â˜ ï¸ğŸ‡ªğŸ‡¸resistimos y volvimos mas fuertes, liberalkonservativ, common sense, Dad, allergisch gegen alles radikale","[{'indices': [140, 144], 'text': 'mdr'}, {'indices': [145, 161], 'text': 'Lauterbachluegt'}]"
1492622529533521920,pflueginsky,"@ThomasKutschaty Lassen sie uns bitte nicht vergessen, auch wenn Steinmeier mit hÃ¶chster Wahrscheinlichkeit wiedergewÃ¤hlt wird, ist es doch noch eine demokratische Wahl mit Gegenkandidaten.
Man sollte die Ã¼berschwÃ¤nglichen Emotionen vielleicht auf nach der Wahl verlegen.",215573012,"There is no such thing as society:
there are individual men and
women, and there are families.
M. Thatcher",
1488805226517782528,ElmarSalinger,Offenbar kennt auch #NRW MinisterprÃ¤sident WÃ¼st von der CDU keinen roten Linien mehr. Seit Wochen agiert er als Scharfmacher und setzt weiter auf massive EinschrÃ¤nkungen elementarer Freiheitsrechte. Er gehÃ¶rt bei der #LTW2022 abgewÃ¤hlt! #rotelinie #wegmit2G #NeinzurImpfpflicht,1212810706443091970,"'LÃ¤cheln ist die beste Art, den Leuten die ZÃ¤hne zu zeigen' | Freiheitlich-patriotischer  Kreissprecher der AfD DÃ¼sseldorf | Kommunalpolitik und mehr | ğŸ‡©ğŸ‡ª","[{'indices': [20, 24], 'text': 'NRW'}, {'indices': [217, 225], 'text': 'LTW2022'}, {'indices': [237, 247], 'text': 'rotelinie'}, {'indices': [248, 257], 'text': 'wegmit2G'}, {'indices': [258, 277], 'text': 'NeinzurImpfpflicht'}]"
1525760038366765056,imondex,"Wahrscheinlich steht das heutige Wahlergebnis in #nrw schon fest. So Ã¤hnlich, wie das Ergebnis der gestrigen Sing-Sang-Veranstaltung, die ich mir nicht angetan habe. Soll ich mal raten? GrÃ¼ne bekommen 18% und AfD kommt gerade so Ã¼ber die 5% und muss noch zittern.",2825015905,"Oma gegen Links, GrÃ¼ne, Gendern, Klimawahn und Verschwendung von Steuergeldern. 
Trolle , StÃ¤nkerer und Listenersteller werden geblockt.","[{'indices': [49, 53], 'text': 'nrw'}]"
1524378396431687681,csumemes,"Clans fÃ¼r Kutschaty! âœŠğŸ¼

#wahlen #kanzler #deutschland #bayern #cdu #christlichsozialeunion #cducsu #spd #fdp #grÃ¼ne #bÃ¼ndnis90diegrÃ¼nen #afd #dielinke #Merz #FriedrichMerz #sÃ¶der #MarkusSÃ¶der #scholz #OlafScholz #Lindner #ChristianLindner #Baerbock #Habeck #heimat #politik â€¦ https://t.co/VF1ftd90X7",1250373262040760321,konservativ | christlich-sozial | liberal | Ã¶kologisch #SuperSÃ¶der100,"[{'indices': [25, 32], 'text': 'wahlen'}, {'indices': [33, 41], 'text': 'kanzler'}, {'indices': [42, 54], 'text': 'deutschland'}, {'indices': [55, 62], 'text': 'bayern'}, {'indices': [63, 67], 'text': 'cdu'}, {'indices': [68, 91], 'text': 'christlichsozialeunion'}, {'indices': [92, 99], 'text': 'cducsu'}, {'indices': [100, 104], 'text': 'spd'}, {'indices': [105, 109], 'text': 'fdp'}, {'indices': [110, 116], 'text': 'grÃ¼ne'}, {'indices': [117, 136], 'text': 'bÃ¼ndnis90diegrÃ¼nen'}, {'indices': [137, 141], 'text': 'afd'}, {'indices': [142, 151], 'text': 'dielinke'}, {'indices': [152, 157], 'text': 'Merz'}, {'indices': [158, 172], 'text': 'FriedrichMerz'}, {'indices': [173, 179], 'text': 'sÃ¶der'}, {'indices': [180, 192], 'text': 'MarkusSÃ¶der'}, {'indices': [193, 200], 'text': 'scholz'}, {'indices': [201, 212], 'text': 'OlafScholz'}, {'indices': [213, 221], 'text': 'Lindner'}, {'indices': [222, 239], 'text': 'ChristianLindner'}, {'indices': [240, 249], 'text': 'Baerbock'}, {'indices': [250, 257], 'text': 'Habeck'}, {'indices': [258, 265], 'text': 'heimat'}, {'indices': [266, 274], 'text': 'politik'}]"
1506075665912766465,docamej,"@JoachimStamp In der Politik sollten Prophezeiungen eher vorsichtig eingesetzt werden. Und nicht zu hÃ¤ufig. Und eventuell flankiert durch auch handwerklich gute Politik.
#fdp",1214217324686798848,"Das Leben des Sinns.

Ohne Nazis wÃ¤re die Welt menschlicher. #ArschkrampenFrontDeutschland #wirsindmehr #fckafd","[{'indices': [170, 174], 'text': 'fdp'}]"
1525380813507928064,_FriedrichMerz,"â€Die Bilanz von @HendrikWuest kann sich sehen lassen: Wirtschaft und innere Sicherheit sind bei der @CDUNRW_de in guten HÃ¤nden und #NRW ist in der Transformation zur KlimaneutralitÃ¤t. Wichtig wird bleiben, diesen Weg mit AugenmaÃŸ und Zielstrebigkeit weiterzugehen.â€œ (tm) #MerzMail",1059395748289232896,@Bundeskanzler der Bundesrepublik Deutschland. Vorsitzender der @CDU Deutschlands.,"[{'indices': [131, 135], 'text': 'NRW'}, {'indices': [271, 280], 'text': 'MerzMail'}]"
1488486316715225091,typically_saxon,"@SvenVolmering @HendrikWuest @FAZ_NET @cdu_nrw Mir reicht was ich aus dem Munde von Herrn WÃ¼st gehÃ¶rt habe. Ich komme zu dem Schluss, dass wird nichts.",1484153359330328581,"Steuerzahler, heimatverbunden, freiheitsliebend, systemkritisch, gegen jede Form von Extremismus #EinigkeitRechtFreiheit #EsistvorbeiKarl #FCKGRN",
1498036596444172288,JoernCarmaker,"@HendrikWuest Heuchler, der",1302697044486828032,"law & order/ konservativ/ unbeugsam, hier schreibt ein alter weiÃŸer Hund. Die #Freiheit ist in grÃ¶ÃŸter Gefahr ! #HeinerUltras",
1490791107793686528,Nationallibera3,@ju_khatib Vermutlich hatten die alten Ã„gypter vor 4650 Jahren auch schon mehr Ahnung von Volkswirtschaftslehre und Finanzmathematik als Sie. ğŸ˜‰,1208755590773846016,Im Zweifel fÃ¼r die Freiheit | Patriot | Reisefreund | CDU #TeamMerz Tweets sind Privatmeinung |,
1498046138942955526,spezialdemokrat,"@HendrikWuest Sind diese SpaziergÃ¤nger jetzt auch Nazis? Bin mittlerweile etwas verwirrt. Gut, dass das Corona-Virus zwischen Gut und BÃ¶se unterscheiden kann ...",17189428,"MÃ¤nnlich, weiÃŸ, hetero. Liberal-konservativ. Vertreter der politischen Mitte, die von links auÃŸen betrachtet fÃ¤lschlicherweise fÃ¼r ""rechts"" gehalten wird. ğŸ˜‰",
1521561433045094400,BjoernFranken,Toll! @HendrikWuest sachlicher Vortrag mit guten VorschlÃ¤gen zu den MÃ¶glichkeiten die Erneuerbaren ohne Zwiespalt auszubauen. Stark!  #wahlarena,2740649597,"Papa, Familienmensch, BVB-Fan und politischer ÃœberzeugungstÃ¤ter","[{'indices': [134, 144], 'text': 'wahlarena'}]"
1490014965293535235,KanoKobayashi,"@JoanaCotar @Vincentz_AfD Ich darf mich anschlieÃŸen und gratuliere Dr. @Vincentz_AfD zu seiner Wahl und freue mich darauf, weiter von ihm zu hÃ¶ren und zu lesen.",1155932409562566657,"Wer die Wahrheit sagt, braucht im besten Deutschland aller Zeiten nur einen Bademantel.",
1521409271002501120,Sprecher58,NRW-Wahl: Alle Zweitstimmen fÃ¼r die GrÃ¼nen ungÃ¼ltig? https://t.co/kuHCAD0rsc via @jouwatch,923873289751224321,"No DM ...otherwise I block â€¼ï¸  #NRWğŸ‡©ğŸ‡ª Nur noch #AFD #PATRIOT/#TRUMP #MAGA  ğŸ‘ğŸ‡ºğŸ‡²  ğŸš«NO PORN â¬…ï¸
#FCBayern Mitglied       
ğŸ˜‰ Intelligenz ist sexy",
1498399608279556099,ReneTene,"@JoachimStamp @TwitterDE Erstaunlich wie schnell die FDP ihre freiheitlichen Werte Ã¼ber Bord wirft. Ihr seid zu Recht als die Umfaller-Partei bekannt, die fÃ¼r ein paar Posten alles verrÃ¤t. 

#NiewiederFDP",743127054611271681,FÃ¼r die Heimat.,"[{'indices': [191, 204], 'text': 'NiewiederFDP'}]"
1512126923576692747,FranzPopp1,#AnneSpiegel treten Sie jetzt endlich zurÃ¼ck. Haben Sie noch etwas Anstand? #HeinenEsser macht es Ihnen vor. Solche #Gruene braucht niemand,449686114,"Freiheit ist ein hohes Gut, schÃ¼tzen wir sie, so gut es geht. Konservativ, bÃ¼rgerlich, freiheitsliebend, Heimatverbunden, SelbststÃ¤ndig und Steuerzahler","[{'indices': [0, 12], 'text': 'AnneSpiegel'}, {'indices': [76, 88], 'text': 'HeinenEsser'}, {'indices': [116, 123], 'text': 'Gruene'}]"
1524644896539394048,uli_paetzel,"Die Ausstellung #BeyondEmscher zeigt 1.100 Fotografien aus der #Emscher-Region. Gemeinsam mit der #StiftungZollverein laden @EGLVde bis zum 6.11. in die Mischanlage der Kokerei auf @ZOLLVEREIN ein. WÃ¼rdigung des Emscher-Umbaus u ErÃ¶ffnung mit @HendrikWuest, @TKufen und @hpnoll. https://t.co/tO2YI7tfUQ",27448318,"Vorstandsvorsitzender von Deutschlands grÃ¶ÃŸtem Wasserwirtschaftsverband @EGLVde & PrÃ¤sident @dwa_ev. Impulsgeber im Ruhrgebiet. Mag Adorno, Jazz und Schalke 04.","[{'indices': [16, 30], 'text': 'BeyondEmscher'}, {'indices': [63, 71], 'text': 'Emscher'}, {'indices': [98, 117], 'text': 'StiftungZollverein'}]"
1492963195941801985,MOptendrenk,"Was verstehe ich da falsch @MonaNeubaur? Da steht doch tatsÃ¤chlich #Rheinmetall auf einer Liste des â€GrÃ¼nen Wirtschaftsdialog|sâ€œ (GWD)â€¦ Quelle: @WELTAMSONNTAG von heute, S.6â€¦ #notinyourname? https://t.co/S3Gbic4mSi",955680390,"Niederrheiner. hier politisch, privat, als Mensch. Interesse: Entwicklungen vom Heimatort bis Europa und international. RT nicht notwendigerweise meine Meinung.","[{'indices': [67, 79], 'text': 'Rheinmetall'}, {'indices': [175, 189], 'text': 'notinyourname'}]"
1520418809097728003,KeremSchamberg,"Tausende Menschen haben heute in DÃ¼sseldorf gegen den tÃ¼rkischen Angriffskrieg auf SÃ¼dkurdistan demonstriert. 

UnterstÃ¼tzung aus der Bundespolitik (auÃŸer von @dieLinke mit @ju_khatib) gab es nicht. https://t.co/vVdmYHVKrL",754651485980459009,Mensch & Kommunist & Ã–ffentlichkeitsarbeit zu Flucht & Migration bei medico international,
1493172974320590848,PijavonW,"@Renner_AfD @AfD_Muenster @AfDimBundestag Ja, das Ergebnis durch die #ned #NED war vorprogrammiert.
In #Steinmeier s Rede kann man einige fragwÃ¼rdige Formulierungen finden. Am meisten stÃ¶rte mich seine Passage mit den schnell herbei zu fÃ¼hrenden NEUEN LEBENSWEISEN!
Ich will #Freiheit und keine neuen Lebensweisen! 
#AfD",1222163023059656704,"Christlicher,aufgeklÃ¤rter,konservativer, freiheitlicher Wertekanon â¤ï¸Mallorca.ğŸ–¤ğŸ¤â¤ï¸SGE ğŸ’›FDP ğŸ§¡WU #WillezurFreiheit #grundlegendePolitikwende #jacobicleaning","[{'indices': [69, 73], 'text': 'ned'}, {'indices': [74, 78], 'text': 'NED'}, {'indices': [103, 114], 'text': 'Steinmeier'}, {'indices': [275, 284], 'text': 'Freiheit'}, {'indices': [316, 320], 'text': 'AfD'}]"
1496202616057044994,Carola67194286,"@ju_khatib ""Der eskalierende Drang zum #Krieg gegen #Russland entspringt der unlÃ¶sbaren innenpolitischen Krise und fÃ¤llt mit der zunehmend faschistoiden Pandemiepolitik zusammen, die von der Kapitalistenklasse verlangt wird."" https://t.co/eOVsxrvTWu",1131583187862413312,"Kandidatin der Sozialistischen Gleichheitspartei (SGP) zur Europa-Wahl
gegen Nationalismus, Genozid, Krieg
#socialism2024","[{'indices': [39, 45], 'text': 'Krieg'}, {'indices': [52, 61], 'text': 'Russland'}]"
1514331566310408196,han_clan,"@JohannesNormann @max_lucks Richtig ğŸ‘
Landtagswahl 2022 NRW. 
Ich wÃ¤hle die Afd. 
Wie immer",1228750071828819976,"Alternative ğŸ’™
fÃ¼r ğŸ’™
Deutschland ğŸ’™
AfDğŸ’™ğŸ’™ğŸ’™
Liebe MitbÃ¼rger, bitte verschonen Sie mich mit Ihrer #Angst. Ich habe nÃ¤mlich keine.
Stolzer Deutscher ğŸ‡©ğŸ‡ªğŸ‡©ğŸ‡ª",
1522311428031533056,TigranAbgarjan,"@AfD_Muenster @Wagner_AfD_MdL @RichardMol_ @Vincentz_AfD @AlternativeNRW @ChristianBlex @thomasroecke @DrMEspendiller @KayGottschalk1 @twittschler @EnxhiSeli @clemens_carlo @MeyerSoltauAfD So ist es. Die Abschiebung krimineller AuslÃ¤nder entlastet nicht nur die Polizei und gibt dem BÃ¼rger ein SicherheitsgefÃ¼hl, sondern sorgt auch dafÃ¼r, dass anstÃ¤ndige AuslÃ¤nder weniger unter Generalverdacht fallen. Es hilft allen Seiten. #AfDNRW #MÃ¼nster",400671340,Armenisch-Apostolischer Christ / Klerikalist/ Anti-Chalcedonenser / ProLife / SÃ¼nder / Erzfeind des #Gendergaga,"[{'indices': [426, 433], 'text': 'AfDNRW'}, {'indices': [434, 442], 'text': 'MÃ¼nster'}]"
1520298120147574785,EibJochen,"@Kricke1905 @TIMECODEX Da ich die nÃ¤chsten Tage nach #NRW umziehe, kann ich nur appellieren, @hreul und die #CDU zu wÃ¤hlen. Will nach der Maskenpflicht nicht noch eine Helmpflicht erleben, damit ich abends sicher in meine Wohnung gelange. #nrwwahl2022 #ltwnrw22",1316047553335635969,Helmut Schmidt 2004: Die multikulturelle Gesellschaft ist eine Illusion von Intellektuellen *** Konservativer Blick auf Politik & TV-Nostalgie ***,"[{'indices': [53, 57], 'text': 'NRW'}, {'indices': [108, 112], 'text': 'CDU'}, {'indices': [239, 251], 'text': 'nrwwahl2022'}, {'indices': [252, 261], 'text': 'ltwnrw22'}]"
1498256968804446208,KeineRoteSocke,"@marceselvis @WirFuerUns63164 @Anemalon19 @JoanaCotar @MGGA2021h @FoxB29528584 @GtzFrmming @AfD_GE @JilgAntje @Cynt39968426 @AfdMitteBvv Weidel hat gestern eine exzellente Rede gehalten mit der Du Dich auch identifizieren kÃ¶nnen wirst. Ich wundere mich immer darÃ¼ber, wie leicht Leute abspringen. Hast Du die ganzen Zumutungen der Systemparteien schon vergessen?",1454075844461318147,"Tierfreundin, rechtslibertÃ¤r, gegen Impfpflicht, betreutes Denken, einen Ã¼bergriffigen Staat, Wokismus, Gendergaga, NetzDG, SchÃ¤chten, EU, Schwab, Soros & Co.",
1498730093937668098,RealDuindorper,"@SWagenknecht @DieLinkeNRW Die Frau ist fÃ¼r die Linke was SchrÃ¶der fÃ¼r die SPD. An eurer Stelle wÃ¼rde ich die mal loswerden, sonst wÃ¤hlt euch bald auch keiner mehr.",981252262864588800,"Atheist, links von grÃ¼n, aber kein Linker, eher so Punk , pro Freigabe, Ã¤ltestes Mitglied einer lustigen GroÃŸfamilie, alleen maar liefde voor Duindorp ZH NL",
1493476521914294274,HerbertvonPfalz,"@MarcusPretzell @christophploss @ManuelaSchwesig Ja.
Scheinbar vergisst Frau Schwesig das man auch durch Handlungen Aussagen trifft.",1145940756223471616,Alle meine Tweets sind nicht dafÃ¼r geeignet oder gedacht den Nationalsozialismus zu verherrlichen oder zu relativieren.,
1493462839255871492,tweecix,Das hat der #Union die Kanzlerschaft gekostet! - Warum hat die NRW-CDU nur solche Kandidaten liebe  @berlindirekt-Redaktion? https://t.co/EE1crHZEea,1602974364,sozialliberaler Patriot,"[{'indices': [12, 18], 'text': 'Union'}]"
1489550689416237059,hendrikgerstung,"@ThomasKutschaty Verstehe die Botschaften und politischen Positionen, aber wie sorgt Politik fÃ¼r ""eine Arbeit, die man gerne macht""?",52088518,"working dad | Essener in Berlin | politisch engagiert: Familien- & Sozialpolitik | Kinderbuchautor, JugendschÃ¶ffe, Pressesprecher",
1493243875808448519,SportSicherheit,"Vielen Dank an @SabinePoschmann &amp; Frank Ullrich von @spdbt &amp; @PhiKraemer von @GrueneBundestag! Wir freuen uns darauf, mit Ihnen #Sicherheit &amp; #UnfallprÃ¤vention im #Sport vorwÃ¤rts zu bringen. @sportDland @BMI_Bund @KuehniKev @oezdemir_spd @MariaKlSchmeink @LSB_NRW @KonstantinNotz https://t.co/fMsLZOAxdI",2436885354,"Hier twittert David Schulz, Vorstand der Stiftung Sicherheit im Sport, die zum Ziel hat, Zahl & Schwere der Sportverletzungen in Deutschland zu minimieren.","[{'indices': [136, 147], 'text': 'Sicherheit'}, {'indices': [154, 171], 'text': 'UnfallprÃ¤vention'}, {'indices': [175, 181], 'text': 'Sport'}]"
1525554253972090882,L_Bednarz,"Falls es morgen fÃ¼r die SPD in NRW richtig schlecht lÃ¤uft, dÃ¼rfte es eine realistische Chance geben, dass Deutschland statt einer Art Attrappe eine wirkliche Verteidigungsministerin bekommt, die dieses wichtige Amt passioniert ausfÃ¼llt. #HÃ¶gl #StrackZimmermann",97637861,"Liberal-konservative Publizistin, VerÃ¶ffentlichungen in d. ZEIT, im SPIEGEL, der NZZ,  FAS, FAZ-Einspruch, dem Tagesspiegel, den â€BlÃ¤tternâ€œ. Privater Account.","[{'indices': [237, 242], 'text': 'HÃ¶gl'}, {'indices': [243, 260], 'text': 'StrackZimmermann'}]"
1492296941824262144,Patriotismus22,Am Sonntag findet die nÃ¤chste Ã¶ffentlich rechtliche Pinocchio Show von Karl #Lauterbach bei #AnneWill statt. Thema wird wie immer die #Impfpflicht sein. Der BÃ¼rger mÃ¼ssen auf Regierungslinie gebracht werden. Was @Karl_Lauterbach wohl zu den letzten Ã„uÃŸerungen von Streeck sagt? ğŸ¤” https://t.co/7cdVnavKq3,1305496099440951296,ğŸ‡©ğŸ‡ª PATRIOT ğŸ‡©ğŸ‡ª KONSERVATIV ğŸ‡©ğŸ‡ª BÃœRGERLICH ğŸ‡©ğŸ‡ª DEUTSCH ğŸ‡©ğŸ‡ª #GEZabschaffen #Wilders #Remigration #Meinungsfreiheit #Kickl #Trump,"[{'indices': [76, 87], 'text': 'Lauterbach'}, {'indices': [92, 101], 'text': 'AnneWill'}, {'indices': [134, 146], 'text': 'Impfpflicht'}]"
1522081819503509505,Freiheit4ev3r,"Deutschland 2022, BÃ¼rgerkriegsÃ¤hnliche ZustÃ¤nde. SchieÃŸerei im Rocker Milieu mitten in #Duisburg. Und ich dachte Herr Reul hÃ¤tte die ClankriminalitÃ¤t besiegt.... #nrwwahl2022 https://t.co/F1lED1chPd",1315721833937809409,"Ein Account am Rande der Zensur!

Politisch: Liberal-konservativ
#TeamFreiheitğŸ‡©ğŸ‡ª","[{'indices': [87, 96], 'text': 'Duisburg'}, {'indices': [162, 174], 'text': 'nrwwahl2022'}]"
1522530973946204161,nika_nrw,AfD-Plakate sollte man besser im Keller schimmeln lassen. An der frischen Luft holen sie sich schnell einen Sonnenbrand wie hier in #Nordkirchen im Rahmen von #NIKA22! Es gibt kein ruhiges Hinterland fÃ¼r Rechten Wahlkampf! #ltwnrw22 #noAfD #Antifa https://t.co/yqAvLa9P4V,1012354202935463936,Nationalismus ist keine Alternative - NRW | part of @Nika_Kampagne,"[{'indices': [132, 144], 'text': 'Nordkirchen'}, {'indices': [159, 166], 'text': 'NIKA22'}, {'indices': [223, 232], 'text': 'ltwnrw22'}, {'indices': [233, 239], 'text': 'noAfD'}, {'indices': [240, 247], 'text': 'Antifa'}]"
1488395721791483910,HeiKolbe,"@fdp_krefeld @micFDP Ja und wir haben die Wahl. Eine Unfreiheit ala FDP zu wÃ¤hlen, oder aber sie nicht zu wÃ¤hlen, um sie wieder aus dem Bundestag zu verbannen. Hat bereits einmal geklappt.",1476153256745312256,"BeitrÃ¤ge zur politischen Lage in Deutschland â€“ fundierte Themen, ergÃ¤nzt durch subjektive Meinungen, die zum Nachdenken und Diskutieren anregen.",
1495752299762921479,NicolinGabrysch,"#RWE enteignen. #PeopleNotProfit , und Tiere auch ğŸ’šâœŠ

@AlleDoerfer @LuetziBleibt @MaWaLuetzerath @UnserAllerWald @klima_freunde @KlimalisteNRW @DieLinkeNRW @FFF_Koeln @sff_koeln @parents4future @KoelleForFuture",1194659561044692998,"Mutter, Klimaaktivistin, Klima Freund*in, Parteivorsitzende der Klimaliste Deutschland und Netzwerkerin - fÃ¼r Klimagerechtigkeit und eine lebenswerte Zukunft","[{'indices': [0, 4], 'text': 'RWE'}, {'indices': [16, 32], 'text': 'PeopleNotProfit'}]"
1496615041436631040,coreleonidas,@ju_khatib Das ist Quatsch,882717591424430080,Deutscher//EuropÃ¤er//PatriotğŸ‡©ğŸ‡ªğŸ‡ªğŸ‡º//âœï¸12.03.20ğŸ¶â¤ï¸,
1489314454856736768,the_woment,"vonderleyen: Gutes GesprÃ¤ch mit @HendrikWuest: NRW steht im Zentrum unseres #EUGreenDeal

6% aller Treibhausgase der EU kommen von hier. Deswegen ist fÃ¼r ganz Europa wichtig, dass @landnrw auf Innovation, rasche CO2-Reduktion und GrÃ¼nen Wasserstoff setztâ€¦ https://t.co/xgXwHSbcWO",1366097299349377026,"Now is the time to forge a more gender equal world. Now is the time to celebrate the achievements of every woman, everywhere. OUR TIME IS NOW!","[{'indices': [76, 88], 'text': 'EUGreenDeal'}]"
1489097462933508101,TobiasHeuken,"ErklÃ¤rt mir mal einer den Unsinn: die Corona Werte steigen in astronomische HÃ¶hen ... und dann Ã¼berlegt die Regierung, die BeschrÃ¤nkungen zu lockern. 

Kapiere ich nicht! Sorry, ist mir zu hoch.

Schon mal wieder an einen Lockdown gedacht?

@Karl_Lauterbach
@hendrikwuest",50982316,"Familienvater, Mediengestalter, Tastaturtester :-)

Impressum: https://t.co/3SNMS4qIXR",
1524664122696253441,FamilieNala,"KÃ¶nnen wir dieses mal eine Regierung wÃ¤hlen, die zumindest ansatzweise das Problem angehen will? Das geht nur, wenn @gruenenrw stÃ¤rkste Kraft wird! #LandtagswahlNRW #Gruenen #diesesmalgrÃ¼n gebt ihnen die Chance!",1356635421783031808,"Familie auf Langfahrt seit Sommer 2021. #Segeln #LebensqualitÃ¤t
Projekt Degrowth. Reduktion CO2 AusstoÃŸ. 1200Watt Solar + Wassermacher.","[{'indices': [148, 164], 'text': 'LandtagswahlNRW'}, {'indices': [165, 173], 'text': 'Gruenen'}, {'indices': [174, 188], 'text': 'diesesmalgrÃ¼n'}]"
1525770780113608704,schweizok2,"Schweizer wÃ¼rden @AfD wÃ¤hlen â€¼ï¸â€¼ï¸â€¼ï¸
Ich wÃ¼nsche der #AfD heute in Nordrhein-Westfalen viele neue WÃ¤hler und ganz viel Erfolg ğŸ€ğŸ‘ ğŸ‡©ğŸ‡ªâ¤ï¸
@RTLWEST @RTL_com @HendrikWuest 
Fotos = RTL WEST https://t.co/GXOzpQWgls",957154283002179584,"TIERFREUND, Schweizer â€PATRIOTâ€œ! Meine GroÃŸeltern kommen aus Deutschland ğŸ‡©ğŸ‡ª Jobvermittler fÃ¼râ€™s EngadinğŸ‡¨ğŸ‡­Mit toller Nostalgie-Ecke ğŸ¥°","[{'indices': [52, 56], 'text': 'AfD'}]"
1488406117457801217,AnwaltdesGuten,"@fdp_krefeld 7 unwÃ¤hlbare Parteien.
Ich denke, dass Ihr nicht wisst was ihr tut und retten werdet ihr Euch damit nicht.

Alle die es hÃ¶ren wollen oder nicht werden sich nicht mehr trauen die FDP zu wÃ¤hlen.",1327661392237907970,"Freidenker - Familienmensch - Hilfsbereit - Demokrat - Menschenfreund!
Bin offen fÃ¼r Meinung und Diskussion!

Ich liebe Umarmungen & tolle Menschen!

Ungeimpft!",
1501585086457724933,VaginaTuse,@AfD_FraktionNRW @Wagner_AfD_MdL unHEIL HÃ¶cke!,1449349706849652737,"Gegen Genderwahn, gegen links- und rechtsversiffte GÃ¼lle, gegen die Ãœberbewertung vaginaler Ejakulationsauffangbecken, gegen SpaÃŸbremsen und gegen Mundgeruch.",
1492565305444519942,boehnisch,"@micFDP Nach einer durch und durch friedlichen und unproblematischen Demo, zieht die Polizei am Ende scheinbar wahllos Leute aus dem Zug und kontrolliert die Einhaltung von 3G. ğŸ™ˆ @fdp_nrw ist Teil dieser Landesregierung und damit Teul des Problems!",22752183,"aufgeklÃ¤rt und analytisch, liberal-konservativ, meine Kinder sollen selbstbestimmt in einer chancenreichen Welt leben kÃ¶nnen",
1493606409556086793,Karim_Akramovic,"@ju_khatib Es waren doch keine ğŸ‡µğŸ‡¸, die Mio. von Menschen ermordert haben. Wie lange mÃ¼ssen ğŸ‡µğŸ‡¸ dafÃ¼r zahlen, was andere an Verbrechen begangen haben?",924746664610541569,"zero tolerance for #antisemitism #discrimination #racism -
#palestine #gaza #blm
Bluesky:https://t.co/T8CTV30Cxy
like, follow, rt â‰  endorsement - â›”ï¸DM",
1525250589633945605,AfD_KV_RE,"@AfD_Muenster @Hagelstein_AfD @kinderkongress @Prometheus24_7 @EnxhiSeli @thomasroecke @Anemalon19 @KayGottschalk1 @OsterhalVon @DanielHaseloff @MeyerSoltauAfD Wichtiger Aspekt in dem Kontext, was Botin schrieb: https://t.co/5yF4y6ICZO #AfD #Amtskirche #Kindesmissbrauch",740590829983649792,"UnterstÃ¼tzer-Account fÃ¼r den #AfD-Kreisverband RE. FÃ¼r #Recklinghausen, fÃ¼r #Deutschland! Folgt bitte auch https://t.co/aIY4MeddWT | #abernormal","[{'indices': [236, 240], 'text': 'AfD'}, {'indices': [241, 252], 'text': 'Amtskirche'}, {'indices': [253, 270], 'text': 'Kindesmissbrauch'}]"
1492772232686407682,win_sommer,"@henninghoene KÃ¶nnte ja sein, dass im Gegenzug auch ein Teilnehmer aus der Steinmeier Fraktionen erkrankt ist. Dann fÃ¤llt das fehlen ihrer Stimme nicht so sehr ins Gewicht. Andersrum eigentlich auch nicht.",1215270836279697409,"Parteilos,unabhÃ¤ngig,konservativ, technikaffin",
1493574406513307649,Hartmut54568112,"@AfD_FraktionNRW @dimetrodon109 @twittschler Corona lÃ¤dt zum Karneval,
Kinder in den Schulen laden zum Maske tragen.
Was fÃ¼r ein Politversager der Ampel. Aber mit dem Bildungsstand fÃ¤llt auch der Durchblick.
PrioritÃ¤ten der minder geistigen Regierungs-Elite ist schon Klasse.",1219922059805044736,"Rentner, Kritiker, 
DieğŸš¦hat Deutschland kaputt gemacht. Und die Brandmauer CDU macht mit der SPD da weiter. 
LangjÃ¤hriger AFD WÃ¤hler aus Ãœberzeugung.",
1513624081765183494,DStaatsglaubige,"@JoachimStamp Mich hat es immer noch nicht erwischt: Ich bin immer noch gesund. Mir geht es  gut. Da ungeimpft bin ich optimistisch, dass das so bleibt. Werde die weiterhin frisch und munter meiner Arbeit nachgehen.",4228230554,"Galgenhumor ist die Kunst, sich den Ast zu lachen, auf dem man sitzt.
Ungespritzt, antirotgrÃ¼nlinks und antigender.
Stolzer alter, weiÃŸer Mann.",
1489477285631729667,Druckspueler1,"@BobDerB05873966 @VriesChristoph @CDU Die #Omikron Welle ist voll da und die #Union stimmte der #Ampel #IfSG Ã„nderung bewusst im Bundesrat zu. Jetzt hat die #SPD Mill. Neuinfizierte VerÃ¤rgerte Eltern am Hals, wÃ¤rend #Unions MP in SH/NRW/BY die Pandemie Anheizen und mit Prozenten belohnt werden ğŸ¤¦â€â™‚ï¸",1326605247364669441,"Ich weiÃŸ dass ich nichts weiÃŸ, ausser das die AfD keine Alternative fÃ¼r Deutschland ist, EE Zukunft ist und Durchseuchung das Problem und nicht die LÃ¶sung ist","[{'indices': [42, 50], 'text': 'Omikron'}, {'indices': [77, 83], 'text': 'Union'}, {'indices': [96, 102], 'text': 'Ampel'}, {'indices': [103, 108], 'text': 'IfSG'}, {'indices': [157, 161], 'text': 'SPD'}, {'indices': [216, 223], 'text': 'Unions'}]"
1521111536953085955,MichaPolli,@HendrikWuest KÃ¼mmern Sie sich um ğŸ‡©ğŸ‡ª.. https://t.co/ATXKdLdoqd,1428964946126282756,#menschheitsfamilie #aufarbeitung keine Gen-Experimente,
1503868531796066312,Schinkentorte,"Markus Wagner wÃ¤re ein sehr guter MinisterprÃ¤sident fÃ¼r Nordrhein-Westfalen! 

#AfD @Wagner_AfD_MdL @AlternativeNRW",2936933903,"Leon (25) Mitglied der AfD im Landesverband Nordrhein-Westfalen.
Freund der Freiheit, fÃ¼r Eigentum und einen souverÃ¤nen deutschen Nationalstaat! ğŸ‡©ğŸ‡ª ğŸ’™ğŸ¦…","[{'indices': [79, 83], 'text': 'AfD'}]"
1500557959331557378,Mladen56643578,@MonaNeubaur ErzÃ¤hlen Sie das mal @Luisamneubauer - wird ihr sicher auch nicht schnell genug gehen â€¦,977685741106024450,1. Bundesliga Vereine Umwelt Comedy & Kabarett DFB Team Internationale Musik Lifestyle Internationale Musik Modedesigner & Labels Internationale Musik Sendungen,
1488938305949417477,nussgackl1,"@DirkE89495589 @PatrickS0399 @panemetc62 Der schwÃ¤chste Politiker der CDU seit Jahren war m.E. Herr Laschet. Ich werde nie verstehen, weshalb die NRW-CDU geglaubt hat, uns den als Kanzlerkandidaten andrehen zu dÃ¼rfen. Dagegen ist Herr WÃ¼st im Vergleich ein Gigant.",1084482989122338817,"Konservativ, liberal, sozial, aber nicht doof. Das Wichtigste ist mir noch immer die Freiheit.",
1493510420707041282,RAADARde,"Sollte Die Linke den Einzug in den Landtag schaffen, wird auch ihr Spitzenkandidat dort Platz nehmen. Aber Jules El-Khatib kÃ¶nnte ein Israel-Hasser sein.   https://t.co/7iUI4QTojh",976184926725984266,RAADAR ist ein Aggregator fÃ¼r die wichtigsten Artikel und Tweets in Deutschland â€¢ Tweets stammen vom Bot â€¢ Made by @tibor,
1519301725299040256,Lulu_Cleve,"@MarkusWitt1973 @chykulay @beideEltern @JoachimStamp @KatrinHelling @lisapaus @MarcoBuschmann @GenugTraenen Das Problem mit der FDP von Herrn Stamp: Sie entdeckt das Thema regelmÃ¤ÃŸig, wenn Wahlen anstehen, und danach Ã¼berlÃ¤sst man es den GrÃ¼nen fÃ¼r ihre Alleinerziehenden-Klientel eine ideologisch motivierte Familienpolitik zu machen unter vorsÃ¤tzlicher Missachtung der Menschenrechte.",936648660582006784,"SchiffbrÃ¼chiger auf dem Meer des Lebens, TagtrÃ¤umer vom aufrechten Gang, Parental Alienation Awareness, Wholeness of Nature, ErdneutralitÃ¤t",
1492977883991711744,ChancenNRW,"â€GrundrechtseinschrÃ¤nkungen darf es nur geben, wenn sie unbedingt notwendig sindâ€œ,  Minister @JoachimStamp bei #AnneWill.
Wenn Deutsche Krankenhausgesellschaft sagt, es drohe keine Ãœberlastung des Gesundheitssystems, mÃ¼ssen EinschrÃ¤nkungen stufenweise zurÃ¼ckgenommen werden.",882214499507458049,"Hier twittert das Presseteam des Ministeriums fÃ¼r Kinder, Jugend, Familie, Gleichstellung, Flucht und Integration","[{'indices': [111, 120], 'text': 'AnneWill'}]"
1523219766693056512,uhag0815,@spacedave0815 @AfD_Muenster Die HauptgrÃ¼nde heissen: @dieLinke @spdbt @cducsubt @fdpbt @Die_Gruenen #IchWÃ¤hleAfD,1492955405147947008,Mitglied internationale Komission fÃ¼r Kontrollgruppen,"[{'indices': [101, 113], 'text': 'IchWÃ¤hleAfD'}]"
1519355959801520131,DanielaKinkel,"Du hast die #Klimawahl! Da ich am 15. Mai nicht zu Hause sein werde, habe ich meine Stimmen schon genutzt - fÃ¼r @Tim_Acht und @gruenenrw. Gehâ€™ auch wÃ¤hlen oder nutze die Briefwahl! #ltwnrw @gruene_bonn https://t.co/FszHButNaC",816933722,(sie/ihr) @Turmstation-Frau & Kommunikatorin. Pilotin & KapitÃ¤nin bei @RoA_Bonn & Vorstand bei @roa_deutschland. Traumjob: CBO (Chief Bike Officer) in Bonn.,"[{'indices': [12, 22], 'text': 'Klimawahl'}, {'indices': [181, 188], 'text': 'ltwnrw'}]"
1516819860910751751,MHKBD_NRW,"Min. @scharrenbach vor Ort: Einziger Vereinstreffpunkt in Netphen-Salchendorf wird aufgemÃ¶belt: Die Johannlandhalle. DafÃ¼r wird es rd. 652.500 â‚¬ aus dem Investitionspakt Sport geben. Und weil Zeit in diesen Tagen wirklich Geld ist, wurde der vorzeitige MaÃŸnahmebeginn bewilligt. https://t.co/wOI419GR8y",895369738070708224,"Offizieller Twitter-Account des Ministeriums fÃ¼r #Heimat, #Kommunales, #Bau und #Digitalisierung #NRW. Impressum: https://t.co/AZIpF06WAC",
1490694654811156481,GerdMannesAfD,@AlternativeNRW @ChristianBlex @Schneider_AfD @Iris_AfD_MdL @twittschler @Vincentz_AfD @MeyerSoltauAfD @KayGottschalk1 @Spenrath_AfD GlÃ¼ckwunsch und herzliche GrÃ¼ÃŸe aus Bayern ğŸ‡©ğŸ‡ªğŸ’™ #NurdieAfD #AfDVereint,983697909270155264,"MdL @Landtag_Bayern, @AfD_Bayern_LT | Freiheit, Heimat, Zukunft | Auch bei @telegram: https://t.co/lryHRzjm4E ğŸ’™ Imp: https://t.co/Um55frR5Xb","[{'indices': [180, 190], 'text': 'NurdieAfD'}, {'indices': [191, 202], 'text': 'AfDVereint'}]"
1488466799402307584,SvenVolmering,Was ist bloÃŸ mit der SPD los? Haben wohl sehr viel Angst vor @HendrikWuest !,332698790,"Lehrer, Ex-MdB (18.WP), VfB Stuttgart, FC Barcelona, Argentinische Nationalelf, Lionel Messi, CDU",
1524482212367904771,marvin_wank,"@c_lindner @JoachimStamp @fdp_nrw NÃ¶. Es gibt bei der NRW-Wahl keine Partei, die liberalen MindestansprÃ¼chen genÃ¼gt. Ihr seid alle Clowns.",938942950754652160,"No borders, no welfare, no nation nor state.

FDP/JuLisğŸ’›",
1492599927364538373,Schwaebli1,@johannesvogel @fdp_nrw @JoachimStamp wer sich mit der Terrororganisation BÃ¼ndnis90/die GrÃ¼nen inâ€˜s gemeinsame Bett legt wird bei den nÃ¤chsten Wahlen dafÃ¼r dann auch in Haftung genommen.,2539781841,"konservativ, politisch interessiert.",
1492403403678687233,queer_de,"Die GrÃ¼nen-Politiker @svenlehmann und @Arndt_Klocke sind seit 20 Jahren ein Paar. Im neuen #QUEERKRAM-Podcast geben sie ihr erstes gemeinsames Interview und sprechen Ã¼ber ihre offene Beziehung, ihre Karrieren und ihre queerpolitische Agenda
https://t.co/U5WxskpsZQ",18118245,Das Zentralorgan der Homo-Lobby. Magazin fÃ¼r skurrile Minderheiten. Stimme des Regenbogen-Imperiums. LGBTI-Propaganda & GenderGaga vom Feinsten. Woke Online,"[{'indices': [91, 101], 'text': 'QUEERKRAM'}]"
1522895177538543616,amnestypolizei,"Die schwarz-gelbe Landesregierung in #NRW hat #Demokratie und #Rechtsstaat geschwÃ¤cht, indem sie das #VersGNRW eingefÃ¼hrt, das #PolGNRW verschÃ¤rft und die #Kennzeichnungspflicht fÃ¼r die #Polizei abgeschafft hat. 
Nach der #LTWNRW2022 mÃ¼ssen diese Probleme angegangen werden!",715202709511647232,"Themenkoordinationsgruppe Polizei und Menschenrechte bei @amnesty_de. Dies sind unsere Ansichten, Favs & RTs stellen keine Zustimmung dar.","[{'indices': [37, 41], 'text': 'NRW'}, {'indices': [46, 57], 'text': 'Demokratie'}, {'indices': [62, 74], 'text': 'Rechtsstaat'}, {'indices': [101, 110], 'text': 'VersGNRW'}, {'indices': [127, 135], 'text': 'PolGNRW'}, {'indices': [155, 177], 'text': 'Kennzeichnungspflicht'}, {'indices': [186, 194], 'text': 'Polizei'}, {'indices': [222, 233], 'text': 'LTWNRW2022'}]"
1489537086072012800,HerrOktober,"Man kann nur hoffen, dass @ThomasKutschaty kein MP wird. Als er noch Justizminister war, fragten wir uns tÃ¤glich wie viele Verbrecher wohl heute aus einer JVA ausbrechen. Nicht wahr, @bodoloettgen?",1343963261469929474,konservativ | ğŸ‡®ğŸ‡±ğŸ‡ºğŸ‡¸ğŸ‡©ğŸ‡ªğŸ‡«ğŸ‡·ğŸ‡¬ğŸ‡§ğŸ‡¯ğŸ‡µ | Warmer Bruder und kalter Krieger | Im Zweifel Rechts | Gott strafe Russland |,
1497894548416118785,buchhalterdT,"@Rechtsdirektor Es soll LÃ¤nder geben, da ist die CDU tatsÃ¤chlich bemÃ¼ht, aber in Ba-WÃ¼ Ã¼bernehmen die GrÃ¼nen lÃ¤ngst und in anderen LÃ¤ndern wird sofort geschliffen sobald man an die Macht kommt.
In NRW wollten sie das Sozialticket abschaffen, die StudiengebÃ¼hren waren auch so ein Unionsding.",1274075555239952394,"patriotisch fÃ¼r ein modernes und zukunftsfÃ¤higes Deutschland.
Gegen Rechts, gegen GrenzschlieÃŸungen.",
1489989720742547460,Colognerin,"Ich bin ein politisch sehr interessierter Mensch und bin enttÃ¤uscht Ã¼ber die Performance der Ampelkoalition, insbesondere was Sozialpolitik, Coronapolitik und AuÃŸenpolitik sowie Klimapolitik angeht... Sehr schade und hinsichtlich der NRW-Wahlen sehr ungÃ¼nstig...",389022060,"re-tweete Ã¼ber soziale Ungleichheit, Diskriminierung, multikulturelles Zusammenleben, Barrierefreiheit, Politik u.v.m. Gegen Rassismus&gegen DDR-VerklÃ¤rung",
1489740748627091456,techniker32,"ğŸ””ğŸŒŸ""Ein schÃ¶ner NRW in dieser Zeit""ğŸŒŸğŸ””

99 Tage to go. Vote Green. ğŸ’šğŸŒ»
#NRW @gruenenrw @MonaNeubaur",1156710539294388225,"GrÃ¼ner in GrÃ¼n ğŸŒ»ğŸª– 
FÃ¼r Verfassung, Vaterland und Europa. ğŸ‡©ğŸ‡ª ğŸ‡ªğŸ‡º
Im SÃ¼dn dahoam. ğŸº","[{'indices': [68, 72], 'text': 'NRW'}]"
1492800709208772611,Schoko_Goetti,@MatthiasHauer @cducsubt Der senile alter Mann symbolisiert das KrebsgeschwÃ¼r den Niedergang von #Deutschland. Die #cdu beteiligt sich daran. Das werde ich mir fÃ¼r die nÃ¤chste Wahl in #NRW merken. #NichtmeinPraesident,1467270673718554632,"incognito hier, IT Mensch, konservativ, versteht die CDU nicht mehr, Besitzer von WP, Stromer & Kachelofen weil es praktisch ist.","[{'indices': [97, 109], 'text': 'Deutschland'}, {'indices': [115, 119], 'text': 'cdu'}, {'indices': [184, 188], 'text': 'NRW'}, {'indices': [197, 217], 'text': 'NichtmeinPraesident'}]"
1498047866794913801,AxelTurck,@HendrikWuest Wow ğŸ˜® ! Alle mit FFP2 ? Kommt PF3 auch in Verkleidung?,1487171783451160582,"Ich bin im Jahr des Drachen ğŸ‰ geboren,FallschirmjÃ¤ger, Studium,SelbststÃ¤ndig, Familienmensch,2020 auferstanden aus Winterschlaf,NLP.",
1489668230515986432,werner_hb,"@KuehniKev @ThomasKutschaty @nrwspd Ich hoffe dieser Trend hÃ¤lt weiter an, damit wir in NRW von â€šBerlinâ€˜ verschont bleiben. Habe jahrelang SPD gewÃ¤hlt, aber heute nicht mehr https://t.co/nON3xCAD8H",738653985767362560,"Heimatverbunden! GRÃœN nur unten an der Ampel! Fremdsprachen: Ironie, Sarkasmus, Zynismus und wenn keine Antwort mehr kommt, ist mir die Diskussion zu dummğŸ˜‰",
1490205895736889346,DirkH21,"@MonaNeubaur Ist es nicht verdammt tragisch, dass sich die #GrÃ¼nen, also die Jenigen, die sonst noch nicht mal GengemÃ¼se(!) akzeptieren, sich nun als Knechte fÃ¼r den Profit von #BigPharma durch die Manege treiben lassen? Kann man machen. Ganz klar. Muss man aber nichtâ€¦",1012796866172477441,"Posts enthalten Ironie/Sarkasmus
â€Das Geheimnis der Freiheit ist der Mutâ€œ. (Perikles) | liberal-konservativ | Fan der Demokratie (nicht Unseredemokratieâ„¢)","[{'indices': [59, 66], 'text': 'GrÃ¼nen'}, {'indices': [177, 187], 'text': 'BigPharma'}]"
1493875202492674054,gassengespan,SPD dreht durch! â€“ Dr. Martin Vincentz (AfD) https://t.co/9c8xprhm6L via @YouTube,758201817687793664,"Deutscher Patriot, Regimegegner, demokratischer Freidenker. FrÃ¼her Schriftsetzermeister, heute HobbykÃ¼nstler.
Bitte beachtet auch meinen T-Shirt-Shop.",
1516802545531904006,J1776Gandolfini,"Jeder, der wie ich selbst im Mai in NRW zur Wahl geht, sollte bedenken, auch wenn ihm/ihr MP WÃ¼st nicht so zusagt, wir haben einen Top-Innenminister Herbert ReulğŸ‘ˆSchon er alleine ist ein Grund die #CDU zu wÃ¤hlen.
#niewiederspd",1442859382107262976,"Fan der echten BorussiağŸ–¤ğŸ¤ğŸ’š Aus dem Ruhrpott, durch Kohle gehÃ¤rtetğŸŒ‡RÃ¶misch katholischâœï¸ konservativ & christlichsozial ist kein WiderspruchğŸ©âš’ï¸","[{'indices': [197, 201], 'text': 'CDU'}, {'indices': [213, 226], 'text': 'niewiederspd'}]"
1490439747654848512,Silvvversurfer,@ThomasKutschaty Ihr seid ein peinlicher Antifa Haufen,1100410033550983169,"Automotive Battery Expert & EngineerğŸ”‹ (Phd, Elektr.-Chem.) ğŸ–¤Science ğŸ–¤Cars ğŸ–¤Sport ğŸ–¤Racing ğŸ–¤Astronomie ğŸ–¤Technik âš“Nerd âš“Realist âš“LibertÃ¤r âš“Konservativ",
1492601599298084867,Anaesthet1,@JoachimStamp Danke!,1018196289320873986,"AnÃ¤sthesist, Notfall- und Intensivmediziner. Pflegefachkraft.
Familienvater. Metalhead.",
1516079603642781702,krus_stern,"#Ukraine beschrÃ¤nkt Kauf von Kultbriefmarke

Ukrposhta hat innerhalb von fÃ¼nf Tagen mehr als 500.000 Briefmarken mit dem russischen Kriegsschiff verkauft. Die Abgabemenge wurde nun auf 30/Person begrenzt.
#Moskva #stamp #SlavaUkrayini 
https://t.co/927jvr3Dsq https://t.co/nDhnXXqQhl",1294576949738844161,"Politik und Zeitkritik. 
Nachrichten und Kommentare zu Europa ğŸ‡ªğŸ‡º, Ukraine ğŸ‡ºğŸ‡¦, Deutschland ğŸ‡©ğŸ‡ª, Russland.
https://t.co/DfePE71rfr","[{'indices': [0, 8], 'text': 'Ukraine'}, {'indices': [205, 212], 'text': 'Moskva'}, {'indices': [213, 219], 'text': 'stamp'}, {'indices': [220, 234], 'text': 'SlavaUkrayini'}]"
1512680523575013380,creuzmann,"Wer mehr Ã¼ber mich oder die Themen von @UlrichMoehl erfahren mÃ¶chte, sollte in den Youtube Kanal der GrÃ¼nen schalten. Die Videos  gibt es auch in einer HÃ¶rfassung fÃ¼r Menschen mit SehbeeintrÃ¤chtigung. https://t.co/lVgBK7Xc0O
#ltwnrw22 #Heimat #gruene #VonHierAnZukunft",3371934383,"Landtagsabgeordnete fÃ¼r den Kreis Paderborn!

FÃ¼r Frauen und Kinder, Natur und Umweltbildung, Demokratie und natÃ¼rlich Nationalpark in OWL","[{'indices': [225, 234], 'text': 'ltwnrw22'}, {'indices': [235, 242], 'text': 'Heimat'}, {'indices': [243, 250], 'text': 'gruene'}, {'indices': [251, 268], 'text': 'VonHierAnZukunft'}]"
1524097633656127488,Willigender,"@NKaetzler Gerade in StÃ¤dten wie #Essen, #Duisburg und #KÃ¶ln wird Ã¼berdeutlich, wie nÃ¶tig die #nurnochAfD gebraucht wird um all die linken TrÃ¤umer zu erden. #ltwnrw22",2389172415,Macht sich Sorgen um Deutschland! BeitrÃ¤ge sind manchmal als Satire gedacht und ein Retweet bedeutet nicht immer Zustimmung!,"[{'indices': [33, 39], 'text': 'Essen'}, {'indices': [41, 50], 'text': 'Duisburg'}, {'indices': [55, 60], 'text': 'KÃ¶ln'}, {'indices': [94, 105], 'text': 'nurnochAfD'}, {'indices': [157, 166], 'text': 'ltwnrw22'}]"
1506309365367816202,ElefantImRaum2,@MonaNeubaur Oder lieber KÃ¤stnerâ¤ï¸: https://t.co/mIqLv40A9i,935430272887214082,"Mensch, Familienvater, Ehemann, Diplombiologe, Studienrat, Demokrat, Habe nicht mitgemacht ğŸ‘‰https://t.co/AH9UPykUU4 Hier privat unterwegs",
1488926375813828615,zvlrnghrsm,"@DealerPlutonium @AfD_FraktionNRW @spd_fraktion_nw Ich gehe davon aus, dass Sie sich fÃ¼r clever halten mit ihrem kindischen Wortspiel.
Was sagen Sie also dazu, dass die SPD nun selbst einen Antrag stellt, den sie zuvor - als die AfD ihn stellte - ablehnte?",2465907259,"Transmann. Weder rechts/religiÃ¶s/reaktionÃ¤r, noch links/queer/woke. FÃ¼r Freiheit & Frieden. Ideologiefrei. Politisch heimatlos. Denke selbst, hinterfrage alles.",
1491462398913523715,Wahlen_DE,"BUNDESTAGSWAHL NORDRHEIN-WESTFALEN | Sonntagsfrage Forsa/NRW-Tageszeitungen

SPD: 28% (-1)
CDU: 25% (+2)
GRÃœNE: 18%
FDP: 10% (-2)
AfD: 8% (+1)
LINKE: 4%
Sonstige: 7%

Ã„nderungen zur letzten Umfrage vom 15. Dezember 2021

Verlauf: https://t.co/R0fHrhtNki
#btw #btw25 https://t.co/M9prIeqANS",1080552605854638081,"Wahlumfragen und -ergebnisse aus Deutschland. 
Ã–sterreich: @Wahlen_AT 
https://t.co/QmvJjMCeTS
#HHWahl #ltwhh #Bundestagswahl #btw25","[{'indices': [254, 258], 'text': 'btw'}, {'indices': [259, 265], 'text': 'btw25'}]"
1489330301293805572,sunny_sommer,"Ich bin mir sicher, dass du alles richtig machst. Wir haben treffend bei Merkel kritisiert, dass sie nur von Ja-Sagern umgeben war.
Ich bin mir sehr sicher, dass Herr @_FriedrichMerz anders ist und sich  auch mal mit Kritik aus den eigenen Reihen befasst.
Er ist unser MannğŸ’ªâ¤",617093358,"christl. konservativ; helmut kohl ist mein idol; familie geht Ã¼ber alles  #ProLife
#BrandmauerGegenGrÃ¼n",
1508406890920820740,g_r_lieder,"@beideEltern @jillwint2018 @michael_radde @efkir Es ist klar festzustellen,
dass Familienminister @JoachimStamp durch diese VersÃ¤umnisse

der @FDP @FDP_NRW @FDPfraktionNRW
enormen Schaden zugefÃ¼gt hat

sowie gegen Interessen von #Kindern und #Familien agiert

und so auch dem #Kinderschutz schadet.

https://t.co/MzgPHR9CVl",3316814097,"Dozent, Bundes-Fachbereichsleiter fÃ¼r Familienmediation, Verfahrensbeistand, #Familienpolitik, #Kinderrechte, #Menschenrechte; hier auch privat; Retweetâ‰ ...","[{'indices': [229, 237], 'text': 'Kindern'}, {'indices': [242, 251], 'text': 'Familien'}, {'indices': [276, 289], 'text': 'Kinderschutz'}]"
1521560030679552002,Junge_Union,"Die CDU in NRW macht es vor:

- 75% RÃ¼ckgang bei WohnungseinbrÃ¼chen 
- 36% RÃ¼ckgang der KriminalitÃ¤tsrate
- 10.000 zusÃ¤tzliche Lehrerinnen und Lehrer eingestellt
- 600 km zusÃ¤tzliche Radwege gebaut

#wahlarena #ltwnrw2022 #wÃ¼st",17005237,Die Junge Union Deutschlands ist die grÃ¶ÃŸte politische Jugendorganisation in Deutschland und Europa.,"[{'indices': [199, 209], 'text': 'wahlarena'}, {'indices': [210, 221], 'text': 'ltwnrw2022'}, {'indices': [222, 227], 'text': 'wÃ¼st'}]"
1514193861815504909,marx_lebt,"@ju_khatib Ich kann nicht glauben, was ich hÃ¶re! Das ist der pure #Rassismus! Wo sind die Aufschreie der woken #GrÃ¼nen? Kleine Geschichtslektion: die russische Kultur ist aus dem abendlÃ¤ndischen Byzanz entstanden!
Sorry, wie heiÃŸt die Dame eigentlich?",1493999612503506946,"Wolga bei Saratow.
Ğ’Ğ¾Ğ»Ğ³Ğ° Ğ² Ğ¡Ğ°Ñ€Ğ°Ñ‚Ğ¾Ğ²ÑŒĞµ. 
Volga-river near Saratov.

 - Tiere sind sakrosankt! ğŸ•‰ï¸ -

Raus aus der EU! BRICS-Beitritt fÃ¼r die BR Deutschland!","[{'indices': [66, 76], 'text': 'Rassismus'}, {'indices': [111, 118], 'text': 'GrÃ¼nen'}]"
1489191195217702913,csu_bt,Erfolgreicher #Klimaschutz geht nur mit einer starken #Industrie. Wir wollen weiter ein selbstbewusstes Industrieland bleiben. NRW-MinisterprÃ¤sident @HendrikWuest macht auf unserer Klausur #Aufbruch22 deutlich: Klimaschutz geht Hand in Hand mit guten Industrie-ArbeitsplÃ¤tzen. https://t.co/gpH5fQ5B0d,747696132495650816,Willkommen bei der CSU im Bundestag. Aus Bayern. FÃ¼r Deutschland.,"[{'indices': [14, 26], 'text': 'Klimaschutz'}, {'indices': [54, 64], 'text': 'Industrie'}, {'indices': [189, 200], 'text': 'Aufbruch22'}]"
1511293763569819653,FamUnt,"Nach der Wahl muss NRW #WeiterDurchstarten. Heute Abend diskutieren wir mit @HendrikWuest und @ThomasKutschaty, sowie Vertretern von @CDUNRW_de, @nrwspd, @fdp_nrw und @gruenenrw, was das fÃ¼r sie bedeutet. Wir sind gespannt!
#NRWweiterDurchstarten https://t.co/btu8CFCB7i",71547087,Wir sind die Stimme des familiengefÃ¼hrten Mittelstandes in Deutschland.,"[{'indices': [23, 42], 'text': 'WeiterDurchstarten'}, {'indices': [224, 246], 'text': 'NRWweiterDurchstarten'}]"
1499030976000843785,ChrisPruessing,"@reinboth @MatthiasHauer @Luisamneubauer WÃ¼rde sagen, Entwicklung war nicht ganz so linear. Ist gar nicht lange her, dass in NRW die MP einer rot-grÃ¼nen Landesregierung auf dem Marktplatz stand uns rief: ""Die Kohle ist Zukunft und nicht Vergangenheit"". Daher geht die Gleichung Fossil=Putin=Krieg auch nicht so gut auf",4001824005,"Marktbeobachtung und Analyse im Bereich Immobilien, Erneuerbare Energien und Sachwerte, AIF und VermÃ¶gensanlagen. Tweets kÃ¶nnen Spuren von Musik enthalten",
1522876755828215808,Thomas8998,Kurz vor der NRW Wahl greifen Arbeitgeber in manipulativer Weise in den Wahlkampf ein. Die Angst von schwarz-gelb und auf Seiten der Unternehmen muss sehr groÃŸ sein. VerÃ¤nderung jetzt! GrÃ¼n wÃ¤hlen! https://t.co/1kq9Hzt1ZH,24367622,"Pflegefachkraft, Pflegedienstleitung, Familienvater mit Ã¶kologischem Hintergrund. GrÃ¼n mit Herz und ParteizugehÃ¶rigkeit. Born 317,64 Thomas8998@mastodon.social",
1488472020673343490,Lukas_tl2023,"@MarcusPretzell Die FDP ist eine Partei notorischer Besserwisser, die lieber ihre Seele verkaufen wÃ¼rde, als sich selber Fehler einzugestehen. Und genau deswegen werden die 5-7% auch zu Union laufen und nicht zur FDP",1487494778547806211,"Ehemaliges JuLis-Mitglied. 
Schon immer CDU-WÃ¤hler.
Mehr konservativ als liberal.",
1488405245424250881,panemetc62,"Schnell noch bekannt werden: ""Seit Hendrik WÃ¼sts (CDU) Amtsantritt als NRW-MinisterprÃ¤sident Ende Oktober hat sich die Stimmung in der schwarz-gelben Koalition verschlechtert. Der Grund: Er vertritt einen strikteren Corona-Kurs als sein VorgÃ¤nger."" (WELT) #NRW #WÃ¼st",942849893827334145,"Demokrat, konservativ. Katholisch. NRW.  Mitglied CDU RBK. Wuppertal. ğŸ–¤ ğŸ‡©ğŸ‡ª ğŸ‡«ğŸ‡· Etwas links. Amb. Pflegedienst. Ironie= mag ich. Mitglied BWReserve.","[{'indices': [256, 260], 'text': 'NRW'}, {'indices': [261, 266], 'text': 'WÃ¼st'}]"
1510728214225858560,cdgham,"@MonaNeubaur Ja, bei Tempo 100 auf Autobahnen in Deutschland stoppt Putin seinen Krieg. Sofort.",66094560,"Ãœberzeugter Demokrat. Wirtschaftsliberal. Deutschland, Europa, USA.",
1488381128667017217,Jens_nur_Jens,"@fdp_krefeld SchÃ¶n fÃ¼r eure ErklÃ¤rung, die ist Unsinn.
Nur weil ihr was behaupten wird es nicht war.
Und googlet mal die Definition von SolidaritÃ¤t ğŸ˜‚ğŸ˜‚ğŸ˜‚ğŸ˜",1384099710298836992,"arbeitender Familienvater, sage meine Meinung, viel Sarkasmus, hinterfragend, netter Mensch",
1520997935525376001,Nicoles44180590,"#Merz was er in Kiew will 

ICH !!!

Er hat keine Funktion!!Wahlkampf!
Nur ein SCHLECHTER!!
15.05. werdet ihr fÃ¼r euer dreckiges Verhalten hoffentlich in #NRW abgestraft! https://t.co/pSlvdAGCHf",1038494758988132358,"Wenn alles vergeht, die Familie bleibt.
#noAfD gegen Diskriminierung, Rechts, Rassismus.

#klimaschutz weil wir es den Kindern schuldig sind!","[{'indices': [0, 5], 'text': 'Merz'}, {'indices': [154, 158], 'text': 'NRW'}]"
1508782955237457920,PrognosUmfragen,"#Landtagswahl #Nordrhein-#Westfalen #NRW #LTWNW #LTWNRW #LTW22 

#CDU 32%  |  #SPD 25%  |  #FDP 8%  |  #AfD 8%  |  #GRÃœNE 18%  |  DIE #LINKE 2%  |  Andere 7%",1050112064,Beste Wahlprojektionen auf Grundlage von Umfragen & Analysen â€“ Genaueste Projektionswerte u. a. fÃ¼r #BTW25 #LTWBW #LTWBY #LTWBB #LTWSN #LTWST | nicht Prognos AG,"[{'indices': [0, 13], 'text': 'Landtagswahl'}, {'indices': [14, 24], 'text': 'Nordrhein'}, {'indices': [25, 35], 'text': 'Westfalen'}, {'indices': [36, 40], 'text': 'NRW'}, {'indices': [41, 47], 'text': 'LTWNW'}, {'indices': [48, 55], 'text': 'LTWNRW'}, {'indices': [56, 62], 'text': 'LTW22'}, {'indices': [65, 69], 'text': 'CDU'}, {'indices': [78, 82], 'text': 'SPD'}, {'indices': [91, 95], 'text': 'FDP'}, {'indices': [103, 107], 'text': 'AfD'}, {'indices': [115, 121], 'text': 'GRÃœNE'}, {'indices': [134, 140], 'text': 'LINKE'}]"
1492827143197368325,Kingdomcometous,@RadtkeMdEP @HendrikWuest Ein Ã¼berparteilicher #Bundespraesident hÃ¤tte an dieser Stelle im Wahlkampf auf Fairness geachtet anstatt auf sein Parteibuch. #Steinmeier hatte die GrÃ¶ÃŸe und Fairness nicht. #Bundesversammlung https://t.co/SVXKucPTMG,819254643670810628,"ChristğŸŒˆ, Familienmensch, Wirtschaftskorrespondent. Einigkeit und Recht und Freiheit bewahren. hier: privat","[{'indices': [47, 64], 'text': 'Bundespraesident'}, {'indices': [152, 163], 'text': 'Steinmeier'}, {'indices': [200, 218], 'text': 'Bundesversammlung'}]"
1493152986092249092,KaiserW1914_II,"Kay Gottschalk, die AfD hat am Ende des Tages meistens doch Recht:",963816741821407232,"Sei stolz, dass du ein Deutscher bist! âš«âšªğŸ”´ğŸ¤âš«ğŸ”´ğŸŸ¡ | Nationalromantiker | Gott mit uns âœ  âœï¸",
1524690077603057664,JahnTeam,"SCHMAROTZER IN NRW? WER SIND DIE SCHMAROTZER?ğŸ‘ 

Das wird dem BÃ¼rger in NRW von RP-Online gesagtâ—ï¸
Widerlicher und undemokratischer, kann man nicht Partei ergreifen.
NeutralitÃ¤t der Medienâ“
Ich habe selten so gelacht.

ğŸ¦…#TEAMHEIMATğŸ‡©ğŸ‡ª #AfD 
https://t.co/ictRlmIOja via @YouTube",1144894697451790342,"Original Telegramkanal: 
https://t.co/ZAQl7qi6QV
Blogger, Aktivist, Liberal, Konservativ, LibertÃ¤r, Rechts, Links und extremer Kaffeetrinker.

ğŸ‡©ğŸ‡ª","[{'indices': [220, 231], 'text': 'TEAMHEIMAT'}, {'indices': [234, 238], 'text': 'AfD'}]"
1490714166759505928,UweBhm12,@ju_khatib Dann reichte doch das Geld um drÃ¤ngende Probleme in der Welt zu lÃ¶sen. Insbesondere Afrika kÃ¶nnte durch die Ausbeutung ihrer BodenschÃ¤tze Wiedergutmachung erhalten.,1227555473370550273,Parteien in Deutschland /internationale Politik/ Umwelt u.-Naturschutz/Reisen/Wandern/Pilgern/Angelsport,
1489883952726822919,spdde,"Mit @ThomasKutschaty an der Spitze kÃ¶nnte die @nrwspd die letzte schwarz-gelbe Landesregierung in Deutschland ablÃ¶sen. NRW braucht eine Zukunftsregierung, die anpackt. Einen gerechten und modernen MinisterprÃ¤sidenten. Einen wie Thomas Kutschaty. FÃ¼r ein besseres #NRWvonMorgen. https://t.co/BNjRAAV63R",26458162,Aus Verantwortung. FÃ¼r Deutschland. #SozialePolitikfÃ¼rDich,"[{'indices': [263, 276], 'text': 'NRWvonMorgen'}]"
1521566385889067008,76Rolandos,"#wahlarena : 
#Kutschaty - nÃ¶Ã¶, lass' ma...ğŸ™ˆ
#stamp - total Ã¼berheblich und unsympathisch..!",1025432134838874112,"Rechtkonservativer Oberschlesier, alte Schule, Patriot, GlÃ¤ubiger Christ, dankbar...ğŸ˜˜ğŸ‡©ğŸ‡ª","[{'indices': [0, 10], 'text': 'wahlarena'}, {'indices': [14, 24], 'text': 'Kutschaty'}, {'indices': [45, 51], 'text': 'stamp'}]"
1489339986998710275,indiline65,"@ju_khatib Das Ist Klientel-Politik, warum? Weil du selber einen Namen aus diesem Kulturkreis trÃ¤gst? Glaube, kaum einer wÃ¼rde sich an einem Kopftuch bei Frau TÃ¼reci stÃ¶ren oder hÃ¤tte sie am forschen gehindert. Selbstgemachte Probleme. K-tuch kann man sich aussuchen echte Behinderung nicht.",1242144561557917699,"The fuckiest station in the nation, humans found everytime ways saying the truth. Reden wir Klartext",
1496198052981452811,jankele_,@ju_khatib Same. Menschen mit Waffen sind dumm. Punkt.,1302971874725552128,"Soziologie, Soziale Arbeit und antimaskulinistische Rants. 
Sigmund W. Marx Zitate bis ihr kotzt und auÃŸerhalb von jedem Kontext.",
1489318646040125452,polit_pro,"ğŸ‡©ğŸ‡ª NORDRHEIN-WESTFALEN | Sonntagsfrage INSA

SPD: 28% (-5)
CDU: 26% (+6)
BÃ¼ndnis 90/Die GrÃ¼nen: 14% (+1)
FDP: 12% (-3)
AfD: 8% 
Die Linke: 4% 

Koalitionen &amp; Verlauf:
â¡ï¸ https://t.co/Xux57ecDhy

#ltwnw #ltwnw22 https://t.co/TGWjScsEka",1051433719565824001,"ğŸš€ TÃ¤glich aktuelle Community Umfragen
ğŸ‡©ğŸ‡ª ğŸ‡¦ğŸ‡¹ Umfragewerte zur Bundestagswahl, Landtagswahlen & Ã–sterreich
ğŸ’¡ Wahlumfragen und Sonntagsfragen","[{'indices': [199, 205], 'text': 'ltwnw'}, {'indices': [206, 214], 'text': 'ltwnw22'}]"
1488599698449518593,HyperionVolt,"@j0shua_wie @HaagMariss So ganz unschuldig ist die alte Tante SPD auch nicht: ğŸ§

https://t.co/fapHwLsxgm",1363495483176603648,"#StandWithUkraine ğŸ›¡ï¸ğŸ‡ºğŸ‡¦âš”ï¸

Mitglied bei @voltdeutschlandâš¡ï¸ğŸ’œğŸ‡ªğŸ‡ºâš¡ï¸

#VoteVolt",
1516377342779789312,VdK_Deutschland,"Im Vorfeld der #ltwnrw22 am 15.5. hat unser Landesverband @VdK_NRW mit den Spitzenkandidat/innen von CDU, FDP, SPD, BÃœNDNIS 90/DIE GRÃœNEN und DIE LINKE gesprochen. Die Antworten der Parteien gibt's hier im #Video: https://t.co/25hVsHWVKj #NRW #Landtagswahl #Sozialpolitik",233476301,Hier twittert Deutschlands grÃ¶ÃŸter Sozialverband zu #Rente #Behinderung #Armut #Pflege #Gesundheit #Sozialrecht ... Impressum: https://t.co/0J3A4IBpCJ,"[{'indices': [15, 24], 'text': 'ltwnrw22'}, {'indices': [206, 212], 'text': 'Video'}, {'indices': [238, 242], 'text': 'NRW'}, {'indices': [243, 256], 'text': 'Landtagswahl'}, {'indices': [257, 271], 'text': 'Sozialpolitik'}]"
1522179370378571778,NoelleDrtil,"Und vorgestern noch im #WDR, 
ging es bei der Wahlarena hoch her, 
#Kutschaty, #Stamp und #Neubaur gegen VideoÃ¼berwachung,
bringt viele Duisburger heute aus der Fassung.
Streit, Gewalt, ClankriminalitÃ¤t und SchieÃŸerei,
wÃ¤ren, wenn @hreul Innenminister bleibt, vorbei!
#LTWNRW2022",1099702342491013121,konservativ & wirtschaftsliberal | Parlamentspoetin oder so,"[{'indices': [23, 27], 'text': 'WDR'}, {'indices': [67, 77], 'text': 'Kutschaty'}, {'indices': [79, 85], 'text': 'Stamp'}, {'indices': [90, 98], 'text': 'Neubaur'}, {'indices': [268, 279], 'text': 'LTWNRW2022'}]"
1492582626200371205,SerapGueler,"Liebe Sawsan, der Fall ist in Siegen. Der Landrat in Siegen ist ein Sozialdemokrat und somit Chef der AuslÃ¤nderbehÃ¶rde. Teile Deine EmpÃ¶rung, die bei Deinem Genossen allerdings besser platziert wÃ¤re.",2645960542,"Staatsministerin @AuswaertigesAmt, Bundestagsabgeordnete fÃ¼r KÃ¶ln, Vorsitzende der CDU KÃ¶ln & Familienmensch.",
1495047884508651529,Balelt41,SPD will mit Kutschaty zurÃ¼ck an die Macht https://t.co/U70yg8acpm,3403949627,"Ganzheitlich bio-klimaaktiv, Ã¶ko-sozial fÃ¼r lebenswerte  
Nachhaltig- und ZukunftsfÃ¤higkeit v.a. beim Klima-,Umwelt- + 
Naturschutz im Generationenzusammenhalt.",
1516297764187082755,MrGIF4479,"#LandtagswahlNRW eigentlich hatte ich fest geplant dieses Jahr @spdbt @spd_fraktion_nw zu wÃ¤hlen aber die pro-russische Politik der SPD kann ich nicht mittragen.

Dilemma, mit âŒ fÃ¼r grÃ¼ne unterstÃ¼tzt man rot-grÃ¼n, die CDU will ich aber auch nicht unterstÃ¼tzen obwohl @n_roettgen https://t.co/u7YZ43lsWb",1175844550142844928,"Running marathon makes me happy, the dream of running in the Boston Marathon is my greatest motivation. Boston is my dream place and I love my Patriots #GoPats","[{'indices': [0, 16], 'text': 'LandtagswahlNRW'}]"
1512164350706032643,EGemmeren,Die AffÃ¤re Heinen-Esser wurde heute den ganzen Tag vom Rotfunk rauf und runter gedudelt. Kurz vor der Landtagswahl mit dem WDR2-Dauer-Interview-Gast  -Thomas Kutschaty- erstmal zur medialen Hochform auflaufen - gehÃ¶rt zur Wahrheit auch dazu.,1019289992525504512,"Kleinstadtbewohnerin und Labrador-Junkie, Ohana heiÃŸt Familie, politisch liberal mit konservativem Lebensentwurf",
1494990571206856706,MYeti77,@Tim_Vollert @CDUNRW_de @HendrikWuest Mit wem? Mit @ThomasKutschaty? ğŸ˜‚ğŸ˜‚ğŸ˜‚,998443096072445952,CFO (https://t.co/o445EbiApd. | LL.M. | Finance | Controlling | Tax law) ğŸ‡©ğŸ‡ª #Familie #Kinder #Bundeswehr #Feuerwehr #NoAfD #NoLinksRotGruen #NoIdeologie,
1492573791054143490,Azarias_Ananias,"@MareikePadel @Echt_jetzt_ @servantadrian @HendrikWuest Ich warte schon auf die Metamorphose von Kubicki, wie er sich auch langsam auch optisch zu Silvio Berlusconi entwickelt.
Immerhin regiert er schon wie ""Forza Italia"".",2804920027,"Iranio-Italiano Medico di neurochirurgia del sistema nervoso periferico.
Former MSF International. LongCovid since 3/2020. Back in duty 12/2020.",
1500106045850628097,Gustav04154959,"@nenacasc @HendrikWuest @Karl_Lauterbach HÃ¶rt endlich auf mit diesem Corona Mist. Man muss schon sehr viel von der BrÃ¼he in sich haben, wenn man das alles noch glauben kann. Lauterbach und WÃ¼st, was bilden die sich bloÃŸ ein. Weg mit allen MaÃŸnahmen. FÃ¼r mich sind die meisten Politiker korrupt.",1373572354962558978,FÃ¼r ein besseres und gerechtes Deutschland.,
1505812682657652738,rebound541,"@AfdAachen Druck zu empfinden, hat etwas mit #GefÃ¼hlen zu tun. Glauben Sie wirklich, das Frau #Spiegel Sym- und Empathie ausser fÃ¼r sich selbst und das #gendern entwickeln kann? Hunderte verlieren ihr Hab und Gut, ersaufen, Vieh verreckt und Sie geht mit ihrem Fraktionsvorsitzen essen!",898586187291656192,"Liberal,wertekonservativğŸ‡©ğŸ‡ª Toleranz bedeutet nicht,alles/jeden akzeptieren zu mÃ¼ssen. Ich gendere nicht. Dazu liebe ich die deutsche Sprache zu sehr.","[{'indices': [45, 54], 'text': 'GefÃ¼hlen'}, {'indices': [94, 102], 'text': 'Spiegel'}, {'indices': [152, 160], 'text': 'gendern'}]"
1525130222475128832,Michael_Lauris_,"Ich deute die #messerattacke in #NRW als sicheres, untrÃ¼gliches Zeichen #AfD zu wÃ¤hlen. Wer das nicht begreift, findet sich damit ab oder heiÃŸt es gut.
#nrwwahl2022",1049066002858663936,"Wahrheit fÃ¼r Deutschland!...Schulter an Schulter mit unseren BÃ¼rgern! Wir stehen zu Euch und mit Euch! Unser Volk sprengt seine Ketten. GewissğŸ’™ğŸ’™ğŸ’™
AfD FFğŸ‘âœ¨ğŸ’™","[{'indices': [14, 28], 'text': 'messerattacke'}, {'indices': [32, 36], 'text': 'NRW'}, {'indices': [72, 76], 'text': 'AfD'}, {'indices': [152, 164], 'text': 'nrwwahl2022'}]"
1497206558807179281,Didineutral,"@gendesternchen @BriHasselmann @Markus_Soeder @HendrikWuest Selbst schuld warum wÃ¤hlst du solche Parteien, wie GrÃ¼ne, SPD oder FDP, die verarschen das WÃ¤hlervolk und Abends zÃ¤hlen Sie im einsamen KÃ¤mmerlein die Kohle die sie wieder uns abgeknÃ¶pft haben.",1479125837333082112,"Geboren um zu leben, gelebt um die Welt zu lieben, verreist um die Menschen in ihrer kulturellen Heimat kennen zu lernen.",
1522149734055612422,ArminVomOrk,Das ist #NRW - das ist #Duisburg Und jetzt schaut euch mal die Umfragen zur bervorstehender #Landtagswahl dort an. Da muss man wirklich am Verstand einer groÃŸen Mehrheit der WÃ¤hler zweifeln. Jeder der solche ZustÃ¤nde beenden mÃ¶chte mÃ¼sste doch #AfD wÃ¤hlen,705637562870681601,"Germany First, Klima-Ketzer, Wertkonservativer, Familienvater, weltoffener Patriot, Umweltschutz statt Klima-Hysterie. Die Wahl von #Scholz war unverzeihlich","[{'indices': [8, 12], 'text': 'NRW'}, {'indices': [23, 32], 'text': 'Duisburg'}, {'indices': [92, 105], 'text': 'Landtagswahl'}, {'indices': [244, 248], 'text': 'AfD'}]"
1506012394962944002,MartinMh1966,"Weil man Unternehmer und Gutverdienende nicht entlasten will, die sowieso schon sehr hoch besteuert werden! Von Herrn Spahn kam zu wenig EnttÃ¤uschung pur! Tempolimit war auch wichtiger! #spahn #Lindner",1400776028,Unternehmer konservativ liberal ğŸ‡©ğŸ‡ª Hier meine persÃ¶nliche Meinung,"[{'indices': [186, 192], 'text': 'spahn'}, {'indices': [193, 201], 'text': 'Lindner'}]"
1506780576401043456,nfdampf,@twittschler Ansammlung finsterer Dorfwichswichtel,1367856211488571392,"Was, wenn nicht Hanf ğŸŒ¾

ğŸ˜·

AuslÃ¶ser des braunen Rutsches: 
Kapitalkonservative Wissenschaftsfeindlichkeit 
(Klimakrise, Covid ...)

ggf Satire",
1497865907414224896,SPD_Heissen,"... der #SPD mit dem Ziel anstrengen, Gerhard SchrÃ¶der aus der Partei auszuschlieÃŸen. Vgl. dazu auch unsere aktuelle Pressemitteilung: https://t.co/6zt2iC9mDL #ausGruenden cc. @spdde @spdbt @SPDNDS @nrwspd @SPD_Muelheim @derspiegel @FAZ_Politik @SZ_Politik @tazgezwitscher 3/x",2222031283,Hier twittert der SPD-Ortsverein HeiÃŸen-Heimaterde. Neues aus dem schÃ¶nsten Stadtteil der sympathischen Stadt an der Ruhr.,"[{'indices': [8, 12], 'text': 'SPD'}, {'indices': [159, 171], 'text': 'ausGruenden'}]"
1501301862984650760,piet_polit,@SG_Zukunft @CDUNRW_de Das kÃ¶nnte man ausdrucken und dann den Schriftzug: SPD. Gerecht. Sozial. BÃ¼rgernah druntersetzen,1442946347573948416,nationalliberal â€¢ JU â€¢ BWL,
1492567012454842384,radknecht,@JoachimStamp Das macht Hoffnung. Aber es handelt sich nicht um einen Einzelfall. Solche Geschichten gibt es immer wieder. Insbesondere bei Ihrem Koalitionspartner.,1095706686709473281,In der Stadtplanung tÃ¤tiger Geograph. Themen: #Klimaanpassung #Verkehrswende #Baukultur. Gelegentlich auch FuÃŸball und Familie.,
1512777343147905031,KatharinaTerhan,"Ein Tag bei der CDU im #WestmÃ¼nsterland: Die WahlkÃ¤mpfer sind Ã¼berall unterwegs und geben alles fÃ¼r @HendrikWuest, @Heike_Wermer und Wilhelm Korth.ğŸ’ªğŸ¼

@CDUNRW_de @DaSche31 @dinkelass https://t.co/Pf1uwrqm4b",3047486921,Christdemokratin. Mitglied des Kreistages im WestmÃ¼nsterland. Beruflich im Destinationsmarketing unterwegs.,"[{'indices': [23, 39], 'text': 'WestmÃ¼nsterland'}]"
1499536101362577408,Lena_2578,"@ju_khatib AuÃŸerdem werden gerade auch Personen mit polnischer und sogar ukrainischer Zuwanderungsgeschichte Hass und Hetze ausgesetzt, weil manche Rassisten russisch, polnisch und ukrainisch nicht unterscheiden kÃ¶nnen.",1334938372184436740,"Russlanddeutsche, die sich intersektional mit Rassismus, Heterosexismus und Klassismus beschÃ¤ftigt",
1514252371756519426,Zappen54480397,@BILD warum wird mit den GrÃ¼nen an der Spitze direkt immer das Kriegsbeil ausgegraben? Das kann doch kein Zufall sein... Hoffen wir in NRW bei den Wahlen eine ordentliche Klatsche fÃ¼r die Kriegstreiberpartei #DieGruenen,1153985331315785728,"Diplomierter VerschwÃ¶rungstheoretiker
Atheist 
Freidenker, Mitglied der Menschheitsfamilie
Protestforschender:in und Schmuckdesigner, ab und an Zahnarztfrau","[{'indices': [208, 219], 'text': 'DieGruenen'}]"
1524665556456157187,KlimalisteBW,"Liebe Menschen in #NRW,
wenn ihr noch GrÃ¼nde sucht, warum es wichtig ist, die aktuelle Landesregierung am Sonntag bei der #LTWNRW2022 abzuwÃ¤hlen, dies ist einer.

P.s.: Unsere Wahlempfehlung: @NicolinGabrysch auf der Liste von @DieLinkeNRW (bei 5% sicher im Landtag).",1290927118671585281,"Landesverband BW der Partei Klimaliste Deutschland (@KL_Deutschland).
Auf Mastodon zu finden unter: @KlimalisteBW@climatejustice.social","[{'indices': [18, 22], 'text': 'NRW'}, {'indices': [122, 133], 'text': 'LTWNRW2022'}]"
1493886149060079619,JOH_2016,"@FriedoAlzheimer @jenniferwilton @welt Von @MarcusPretzell  und @Beatrix_vStorch ... natÃ¼rlich.
Aber nichts von ""#Rassisten"".

(Ich mutmaÃŸe mal, du brauchst Nachhilfe - oder erst einmal Grund-Bildung - in Fragen politisch-sozialer Terminologie... Wenn du nicht weiÃŸt, was #Rassismus"" ist, kann ich schwerlich mit dir...",768441528159182848,"Pommer Konservativer Christ 
Antifaschist (gegen ""Antifa"")

""Nichts ist subjektiver als das Objektiv einer Kamera.""

(Peter Hahne, Die Macht der Manipulation)","[{'indices': [113, 123], 'text': 'Rassisten'}, {'indices': [272, 282], 'text': 'Rassismus'}]"
1488413378347515909,JeanPascal_Hohm,"Viel Erfolg, @Vincentz_AfD!",1133447968919642116,Vorsitzender AfD Cottbus | Mitglied des Landtages Brandenburg | Irgendwo zwischen #Ostdeutschland & #Jungeuropa,
1505283426508804102,Puettmann_Bonn,"Geht mir Ã¤hnlich. Im Bund nie grÃ¼n gewÃ¤hlt, aber bei Habeck, Baerbock und Ã–zdemir als Ministern fÃ¼hl ich mich bisher gut aufgehoben und international respektabel reprÃ¤sentiert. Sie reden auch nicht nur in vorgestanzten, mÃ¶glichst unangreifbaren Phrasen und wagen mal was zu sagen.",3318457029,"Politologe. Publizist. Je nach Thema liberal, sozial, konservativ. Publikationen zu: Sozialethik, Religionssoziologie, CDU, Rechtspopulismus.
@zdkonline",
1492613931113889794,Florian_Revisor,"@ThomasKutschaty Sowas... Und ich dachte, Sie reisen fÃ¼r die BÃ¼rger dieses Landes nach Berlin, um deren obersten Diener zu wÃ¤hlen... 

So kann man sich irren...",4871235088,Demokratischer #Sozialismus; #Ã–kologie; #Nachhaltigkeit; #Internationalismus; uvm.,
1495885454541004810,chrisophren,"@ju_khatib Das Problem mit GesprÃ¤chen ist, was, wenn eine Seite nicht reden will?",569486089,"#NAFO #fella // #RaiderNation // Handwerk // Games // Star Trek //12yearsveteran - Arty, Drones, Recce// #wirsindmehr // #fckafd //ğŸ“¯",
1498225226680786947,MichellesEyes,@HendrikWuest Oh da wÃ¤re ich sehr vorsichtig.  Auf diesen Demos wimmelt es von Linksextremisten und Antisemiten. Und man soll doch schlieÃŸlich aufpassen mit wem man demonstriert.,770955584,"Transsexuelle Frau die sich aufs SchÃ¤rfste vom LGBT-Zirkus und der dahinterstehenden politischen Agenda distanziert, Wahlempfehlung: AfD-die Partei Deutschlands",
1494982580818653188,santosherrmann,"Wir wollen jetzt auch raus auf die StraÃŸen zu den BÃ¼rger:innen in #NRW &amp; fÃ¼r ein besseres Morgen werben! Herzlichen GlÃ¼ckwunsch, @ThomasKutschaty zu dem hervorragenden Ergebnis! https://t.co/E1uGbtiDXi",505667178,"Familienmensch, DOS SANTOS CONSULTING // #mobility ehem. AR-Vors. HGK-AG // SPD // nur persÃ¶nliche Ansichten // https://t.co/gHfOiDFblP","[{'indices': [66, 70], 'text': 'NRW'}]"
1505986285068079107,VailLester,"@MonaNeubaur @schaeffer_nrw Nachfolgend ein kleine Auflistung Ã¤lterer Mythenâ€¦
Mythos 1: die Impfung ist sicher
Mythos 2: die Pandemie endet, sobald ein Impfstoff verfÃ¼gbar ist
Mythos 3: Masken bringen nichts
Mythos 4: Masken schÃ¼tzen effektiv 
Welche Mythen meinen Sie konkret, Frau @MonaNeubaur ?",1326412389076635652,influencender Fakten-Faker #noafd #noterrorism #noextremism #nofascism #nofaktenchecker #nohate #nodiscrimination #glaubewenig #hinterfragealles #denkeselbst,
1525428187894784000,PeterBorbe,"Die #Gruenen bei 17%, lernen die Leute es eigentlich nie? Wieviel #GruenerMist kÃ¶nnen die eigentlich noch bauen, wieviel Schaden fÃ¼r das Land anrichten, wieviele Belastungen den BÃ¼rgern auferlegen, bis die lernen, dass man diese Partei nie wÃ¤hlen kann? #Gruene #ltwnrw #ltwnrw22",3568692616,"Kritischer Geist, konservativ

Autor: ""Leben in der GrÃ¼nen-Welt""
Infos & Bestellungen: https://t.co/tCYyo2Dmnp

Telegram: https://t.co/ynWAGvmsN6","[{'indices': [4, 12], 'text': 'Gruenen'}, {'indices': [66, 78], 'text': 'GruenerMist'}, {'indices': [253, 260], 'text': 'Gruene'}, {'indices': [261, 268], 'text': 'ltwnrw'}, {'indices': [269, 278], 'text': 'ltwnrw22'}]"
1508382981676752898,Hausfrau4ever,@JoachimStamp Wie bescheuert ist denn das schon wieder? Man weiÃŸ ja noch nicht einmal was es wirklich bedeutet. Was man jetzt braucht ist Beruhigung und Diplomatie und kein hysterisches Symbolgetue!,711496274692935680,Die Zukunft heiÃŸt WerteUnion ğŸ§¡ğŸ§¡ğŸ§¡(505)BÃ¶hmeryliste ğŸ‡®ğŸ‡± ğŸ¥° https://t.co/dngpYX9c00 Befreit von Elon Musk im Februar 2023!ğŸ™,
1493190023549759491,QueenOfMadhouse,"@JoachimStamp Dann reden Sie nicht nur, sondern tun etwas, damit ALLE MaÃŸnahmen fallen. Keine HÃ¤ppchen zum ruhig stellen. Das nehmen wir als BÃ¼rger nicht ernst. Vielen Dank.",1330895552377184256,Die perfekte Chaos-Familie mit allen Facetten â¤ï¸,
1523637670551130112,_CDU_Koeln,"â€#SPD wirft Wahlkampfregeln Ã¼ber Bordâ€œ
Rolf MÃ¼tzenich MdB besucht wÃ¤hrend der Ausschlussfrist trotzdem das #KÃ¶ln-MÃ¼lheimer #Rheingymnasium.  

Besuch nachzulesen auf 
https://t.co/qLHlyF6fWW https://t.co/8UlUtFPhgJ",847485464927916032,"Christlich Demokratische Union Deutschlands - Kreisverband KÃ¶ln -

Offizieller Account - Fav & RT not endorsement.

CDU-Fraktion im Rat: @CDUFraktionK","[{'indices': [1, 5], 'text': 'SPD'}, {'indices': [107, 112], 'text': 'KÃ¶ln'}, {'indices': [123, 138], 'text': 'Rheingymnasium'}]"
1519686006202675201,benbx2,"@gruenenrw Das nennt man Framing. Keine Ahnung, was ihr glaubt zu schÃ¼tzen. Die Freiheit ist es jedenfalls ganz sicher nicht.",712938216786116608,Liberal ğŸ’› ğŸ‡©ğŸ‡ªğŸ‡«ğŸ‡®ğŸ‡®ğŸ‡± Tweets kÃ¶nnen Spuren von generischem Maskulinum enthalten.,
1500732612448595973,ChristinaRiebe1,@will_ins_Gruene @Christa30631962 @CorneliaBeeking @JoachimStamp Die CDU genauso wenig ğŸ‘,1299709382444437508,SPD Mitglied aus Ãœberzeugung und aus familiÃ¤rer Tradition! ğŸŒ¹ğŸŒˆ ğŸš²ğŸŠğŸ‡ğŸ¼ğŸ¹ğŸ·ğŸºğŸ“– ğŸ•Š #unterhaken2022,
1508363242321887235,jonas_klarname,@JoachimStamp Die Firma Zilog muss dann den Verkauf ihrer Halbleiter in Deutschland einstellen. Und darf nicht mehr mit ihrem Firmenlogo werben....,1254444976936714241,"Wer die GrÃ¼nen wÃ¤hlt, wird sich spÃ¤ter mal bitterste VorwÃ¼rfe machen. (Zitat H. Schmidt, Bochum 01.03.1980)/ Sozialkonservativer Norddeutscher / Foto: A. Laible",
1520508438006181889,If_Bund,"#Landtagswahl in #NRW am 15. Mai 2022: Wir haben nachgefragt.

Danke schÃ¶n fÃ¼r die Antworten an @spd_fraktion_nw, @CDUNRW_de, @gruenenrw @DieLinkeNRW! 
Die Antworten findet ihr hier: https://t.co/qtcdSVLdLO
@fdp_nrw #ltwnrw22",1354565841182973960,"Stimme fÃ¼r Kinder, Jugendliche & Familien. UnabhÃ¤ngiger Verein ehrenamtlich engagierter Eltern fÃ¼r #Kinderrechte #Bildung #Familienpolitik #Gewaltschutz","[{'indices': [0, 13], 'text': 'Landtagswahl'}, {'indices': [17, 21], 'text': 'NRW'}, {'indices': [216, 225], 'text': 'ltwnrw22'}]"
1488936648251297798,Deutschlandver1,"@erik_fluegge @ThomasKutschaty @stephanpalagan Ich glaube, nicht mal in der SPD NRW finden Sie eine Mehrheit fÃ¼r die Aussage, dass Kutschaty klug ist. WÃ¤re er es, hÃ¤tte er den Vortritt jemand anderem gelassen.",1418461817744068608,Deutschland versagt: Pandemie â€¢ Impfen â€¢ Klima â€¢ Flut â€¢ Korruption â€¢ Digitalisierung â€¢ Bildung â€¢ Verteidigung â€¢ Rente â€¢ Finanzen,
1497130959149359121,TylerBlum16,"@Freddy153624 @Heimatmausoleum Also kein Wunder dass aus dem Nichts geworden ist. Dumm, dass die Versager aber immerwieder irgendwie auftauchen. WÃ¼st, Ã–zdemir, Merz usw.",1206987690220163072,Patriot. Freiheit und Selbstverantwortung @USMC @NRA  Husband of @GoldsteinBlum,
1511691489629417480,TheDude_aleman,@WaltersMeinung Gerne Doch #IchHabeMitgemacht Hendrik WÃ¼st ğŸ‘‡,756590293672222720,DU bist FRIEDEN / Eine Menschheitsfamilie /Rechtsradikale muÃŸ man nicht links liegen lassen / Liebe siegt IMMER,"[{'indices': [27, 45], 'text': 'IchHabeMitgemacht'}]"
1524688194041696257,gabonn,Nach Angaben von NRW-Vize-MinisterprÃ¤sident Joachim Stamp (FDP) ist in #Essen ein mutmaÃŸlicher Nazi-Terroranschlag verhindert worden. https://t.co/tWTCwUd7sE,22751175,"Hier twittert https://t.co/UNlyzfTNO1. News aus Bonn, der Region, Deutschland und der Welt. | Impressum: https://t.co/6qjUOCNolH","[{'indices': [71, 77], 'text': 'Essen'}]"
1490091314293182471,AndreFischbach,NUR die AfD ist eine VOLKSNAHE PARTEI!,1228463623980318720,"Arbeitet 45 Jahre in Deutschland ,aber Alles wurde immer schlechter hier.Alle alten Parteien haben NICHT den Eid erfÃ¼llt,den sie geschworen haben! EnttÃ¤uschung!",
1522485964031074304,holli_hh,"Mal ein Aufruf an alle in NRW (Feldversuch):
Macht am 15.05. das Kreuz bei der #AfD und lasst uns schauen, ob es nicht deutlich besser lÃ¤uft, wenn eine Partei im Landtag sitzt, die noch bei klarem Verstand ist. 
Dieser #GruenerMist und #SPDtotalausfall braucht dringend Gegenwind.",108715774,"Ungeimpft!  Gegen Gendern, fÃ¼r Diplomatie. FÃ¼r bezahlbares Leben und fÃ¼r Heimat und Familie.
Es gibt nur 2 Geschlechter.","[{'indices': [79, 83], 'text': 'AfD'}, {'indices': [219, 231], 'text': 'GruenerMist'}, {'indices': [236, 252], 'text': 'SPDtotalausfall'}]"
1488512207818313733,RND_de,"FÃ¼r #Lockerungen der Corona-MaÃŸnahmen sind SPD-Vize Thomas #Kutschaty und Bundesentwicklungsministerin Svenja #Schulze derzeit nicht zu haben. â€Wir sind im Augenblick mitten in der vierten Welleâ€œ, sagt Kutschaty.
https://t.co/fY5RK8S1HS",2885573171,"Exklusive News, interessante HintergrÃ¼nde und fundierte Meinungen. Hier twittert das RedaktionsNetzwerk Deutschland (RND).","[{'indices': [4, 16], 'text': 'Lockerungen'}, {'indices': [59, 69], 'text': 'Kutschaty'}, {'indices': [110, 118], 'text': 'Schulze'}]"
1493380098468294667,lupe___66,@JoachimStamp Oh man wie geistig gestÃ¶rt muss man sein. Am besten gehen sie mit Karl Lauterbach in die nÃ¤chste psychiatrische Einrichtung um sich therapieren zu lassen.,1022748100765659136,"Leben heiÃŸt Risiken eingehen.
#nocancelculture
#noKontaktschuld
#nogender
Es kann mit jedem geredet werden, der sich innerhalb der FDGO befindet.",
1524012900368670723,MichaelGhanem4,@faznet Ich wuÃŸte nicht daÃŸ Baerbock keine deutsche mehr ist sondern ukrainerin = Sie ist selber eine Kriminelle BetrÃ¼gerin  =VaterlandsverrÃ¤terin* LÃ¼gnerin+ Eid gebrochen* FÃ¤lscherin 0Sie vertritt die Interesse eine fremde Macht = GrÃ¼nen +FDP+ SPD  =eine Quittung beim Wahl in NRW,1072493326463582209,"NationalÃ¶konom, Schriftsteller- Pazifist, Umwelt=Wasser Aktivist :1974-Befasst  mit Geopolitik seit 1975 Blog :https://t.co/YzDLh1Lj26
die-Gedanken-sind-frei -",
1506312166445666307,WinWinChester3,@MonaNeubaur Das ist ja voll Nazi......ğŸ˜,1461416644182429703,"Alles zu hinterfragen, warum sind die Dinge so wie sie sind, wer hat Nutzen davon, ist Pflicht.
Ungeimpft und SpaÃŸ dabei. Patriot ğŸ‡©ğŸ‡ª StraÃŸenabitur.
Ruhrpott.",
1488483519550607362,spd_fraktion_nw,Circa 9500 Kilometer liegen zwischen #DÃ¼sseldorf und #Kapstadt. In der #Corona-Pandemie ist das ziemlich wenig. Deshalb gilt in #NRW und weltweit: #WeilImpfenBesserIst. @ThomasKutschaty #LtNRW https://t.co/VyEhOP8OK6,20131464,56 #SPD-Abgeordnete im #LtNRW. #SozialerFortschritt fÃ¼r die Vielen. #TeamChancengleichheit #TeamMehrRespekt #TeamTransformation #TeamMehrDemokratie #TeamHeimat,"[{'indices': [37, 48], 'text': 'DÃ¼sseldorf'}, {'indices': [53, 62], 'text': 'Kapstadt'}, {'indices': [71, 78], 'text': 'Corona'}, {'indices': [128, 132], 'text': 'NRW'}, {'indices': [147, 167], 'text': 'WeilImpfenBesserIst'}, {'indices': [186, 192], 'text': 'LtNRW'}]"
1514230541607919620,JochenM46299985,"Forsa-GÃ¼llner heute Interview mit KÃ¶lnischer Rundschau: SPD mit CDU gleichauf trotz Amtsbonus #WÃ¼st. ""Das Bild von Merz trÃ¤gt bundesweit zum RÃ¼ckgang der CDU bei und auch zur verhaltenen Stimmung in NRW. Es hat mich erstaunt, wie negativ das Bild von Merz bei den BÃ¼rgern ist.""",1488448800674963462,"Antitotalitarist, Verfassungspatriot #NoAFD #NoBSWğŸ‡©ğŸ‡ªğŸ‡ªğŸ‡ºğŸ‡ºğŸ‡¦","[{'indices': [94, 99], 'text': 'WÃ¼st'}]"
1521565253837938688,mary_curie_,Unter Schwarz-Gelb ist in NRW vieles besser geworden. #ltwnrw2022 #Kutschaty #WÃ¼st,2332118976,Mary | 26 | JU & CDU | konservativ | hab leider den humor eines 12 jÃ¤hrigen pubertierenden Jungen | sogenanntes JU Frettchen | erwartet regelmÃ¤ÃŸiges Shitposten,"[{'indices': [54, 65], 'text': 'ltwnrw2022'}, {'indices': [66, 76], 'text': 'Kutschaty'}, {'indices': [77, 82], 'text': 'WÃ¼st'}]"
1500146737381580800,_T_A_V_I_,"@nenacasc @HendrikWuest @Karl_Lauterbach Ich muss schon gestehen, WÃ¼st ist eine ziemliche EnttÃ¤uschung. Sehr schade, dass Laschet gehen musste. Er hatte nÃ¼chternen Blick auf Coronageschehen. WÃ¼st ist neu, unerfahren, will sich als Macher zeigen und wichtig werden..",2500843164,"Familienvater und Ehemann, Diplom Wirtschaftsinformatiker. FÃ¼r direkte Demokratie, deswegen #AfD ,             nun â€gesichert rechtsextremâ€œ",
1499700717677862915,hulk297,@FDPFraktionNRW Ihr seid wahrlich FREIE Demokraten! Wahrlich!!!,1371813857870635013,Bachelor Professional â– 0xğŸ’‰â– konservativ â– Werteâ–Patriotismus â– Dexit â– #AfD,
1490317388415447044,MckStf,"@MonaNeubaur Wie zu sehen ist, mÃ¶gen die Mitlatschenden die Linken und deren freiheitseinschrÃ¤nkende MaÃŸnahmen. War zu Ostzeiten auch so. ğŸ‘",1263866029,Gier frisst Hirn â€¢ Kritik â‰  Populismus â€¢ wer listet wird geblockt â€¢ nationalkonservativ,
1516721383618846724,PapkeGerhard,"NRW-MinisterprÃ¤sident #WÃ¼st kritisiert, dass mit dem KÃ¶lner #Muezzinruf ""mÃ¶glicherweise mehr Streit"" in die Gesellschaft getragen werde. KÃ¶ln habe das Projekt ""ohne Not und Anlass"" ins Leben gerufen. Richtig! Aber warum fÃ¤llt ihm das erst so kurz vor der Landtagswahl auf?",1316690533180420096,"PrÃ¤sident der Deutsch-Ungarischen Gesellschaft in der Bundesrepublik Deutschland #Ungarn
ehem. FDP-Fraktionschef und LandtagsvizeprÃ¤sident in NRW","[{'indices': [22, 27], 'text': 'WÃ¼st'}, {'indices': [60, 71], 'text': 'Muezzinruf'}]"
1494965673520472065,PatzkeMarkus,"Heute wÃ¤hlen wir MinisterprÃ¤sident @HendrikWuest zu unserem Spitzenkandidaten fÃ¼r die Landtagswahl! Er wird ein motiviertes Team anfÃ¼hren, dass schon bisher eine geschlossene Mannschaftsleistung abgeliefert hat. Einig, stark, geschlossen. GlÃ¼ck auf @CDUNRW_de! #cdu #wuestwirkt https://t.co/Op5T9P8HNc",1907384791,"Lippstadt | Geschichte, Politik & Gesellschaft | LÃ¤nder & Kulturen | Natur & Garten | liberal-konservativ | CDU 
ğŸ‡©ğŸ‡ª ğŸ‡ªğŸ‡º ğŸ‡ºğŸ‡¦ ğŸ‡®ğŸ‡± ğŸ–¤ ğŸ‡¬ğŸ‡§ ğŸ‘‘ ğŸ‡¯ğŸ‡µ â›©ï¸  ğŸ“š ğŸˆ","[{'indices': [261, 265], 'text': 'cdu'}, {'indices': [266, 277], 'text': 'wuestwirkt'}]"
1492971133682995205,TheWiseType,Der Stamp FDP schwurbelt vÃ¶llig realitÃ¤tsfremden Quatsch daher.#AnneWill,603028585,"Mit gesundem Menschenverstand aktuelle Entwicklungen verstehen, einordnen und bewerten, - mit Kopf , Herz und angemessenem Humor.","[{'indices': [63, 72], 'text': 'AnneWill'}]"
1488245472896720903,germanpianist,"@Friedadiezweit1 @Renner_AfD @AfD @AfDimBundestag @AlternativeNRW ğŸ“ğŸ´Ja, MaaÃŸen wurde abmontiert, weil er die WAHRHEIT sagte: Es gab damals KEINE Hetzjagd.
Jatzad hamer den Halden-Dings, der ist auf Linie.
Er sey an Teilen der AfD
und an dem OLT d.R. GÃ¶tz Kubitschek mit seinem Institut fÃ¼r Staatspolitik.
VS --&gt; RS   = Regierungsschutz
 ğŸºğŸ‘ˆ?",932269518516379648,#AllMenAreCreatedEqual Pianist Jazz Pop-Rechtskonservativ BÃ¼rgerlich Satire-Kanal! Keine Verantwortung Ã¼ber verbundene KanÃ¤le.  Retweet nicht gleich Zustimmung.,
1523605618283913217,Deu_Kurier,"Bei einem Auftritt fÃ¼r die im #NRW-Landtagswahlkampf (Wahl am 15. Mai)  ist auf #BundesauÃŸenministerin Annalena #Baerbock (â€#GrÃ¼neâ€œ) aus der Menge mit einem rohen Ei geworfen worden. 

https://t.co/4ik1qjn6Z9 https://t.co/Kv3ki1eLdX",1091011494140133376,"Heimat. IdentitÃ¤t. Freiheit.

UnterstÃ¼tzen: https://t.co/HoIkuWmMij
Zum Shop: https://t.co/Lp6b5JqKrm","[{'indices': [30, 34], 'text': 'NRW'}, {'indices': [80, 102], 'text': 'BundesauÃŸenministerin'}, {'indices': [112, 121], 'text': 'Baerbock'}, {'indices': [124, 130], 'text': 'GrÃ¼ne'}]"
1501830788228259841,DLFNachrichten,"""Wir schaffen das"", sagt NRW-MinisterprÃ¤sident Hendrik WÃ¼st (CDU). Er glaubt, dass Deutschland die Aufnahme ukrainischer FlÃ¼chtlinge gut bewÃ¤ltigen wird. 
https://t.co/VcHIFq02y8 #fluechtlinge #Ukraine #Russland #Krieg @HendrikWuest",4202151411,Dieser Account ist inaktiv. Sie erreichen uns unter hoererservice@deutschlandradio.de.,"[{'indices': [179, 192], 'text': 'fluechtlinge'}, {'indices': [193, 201], 'text': 'Ukraine'}, {'indices': [202, 211], 'text': 'Russland'}, {'indices': [212, 218], 'text': 'Krieg'}]"
1516903162971660289,h_weyel,@bodoloettgen Ein #Ostseeurlaub dagegen hÃ¤tte Freund- und Feind-Strategen immerhin auf eine glasklare #Kaliningrad-Offensivplanung schlieÃŸen lassen kÃ¶nnen!!!,841412635270762496,"MdB und #EU-politischer Sprecher AfD-Bundestag 10/17-03/25; Dipl.-Ã–konom, int. Wirtschaft, BWL und (inter)nationale IdentitÃ¤tspolitik; TH KÃ¶ln, Prof. a.D.","[{'indices': [18, 31], 'text': 'Ostseeurlaub'}, {'indices': [102, 114], 'text': 'Kaliningrad'}]"
1521824460600393728,GrueneSchwerte,"Die GrÃ¼nen wollen, dass die Nutzung #Ã–PNV einfacher wird. Ausbauinitiative und ein einheitliches Ticket fÃ¼r ganz #NRW! Alle unter 18 sollen ein kostenloses Ticket bekommen. Das landesweite Azubi-Ticket und das Semesterticket sollen billiger werden.
Mehr: https://t.co/V0J8sj2Tli https://t.co/MvgQbINCFC",986330469573840897,Hier twittert das Team der GrÃ¼nen aus Schwerte. Impressum: https://t.co/aQReGZyVGe,"[{'indices': [36, 41], 'text': 'Ã–PNV'}, {'indices': [113, 117], 'text': 'NRW'}]"
1523594324084408322,ostwestkonflikt,Noch was in Punkto #AfD - die schriftliche UrteilsbegrÃ¼ndung zur Hochstufung der AfD zum #Verdachtsfall durch den #Verfassungsschutz ist da. MÃ¼ndliche Verhandlung vor dem Verwaltungsgericht KÃ¶ln war Anfang MÃ¤rz. Nachlesen hier: https://t.co/9FRvs90WJf,63464187,Korrespondentin Hauptstadtstudio Deutschlandradio dort Verkehrspolitik + AfD; Ex-Deutschlandradio-Sachsen-Korrespondentin. Kann Bier mit nem Textmarker Ã¶ffnen.,"[{'indices': [19, 23], 'text': 'AfD'}, {'indices': [89, 103], 'text': 'Verdachtsfall'}, {'indices': [114, 132], 'text': 'Verfassungsschutz'}]"
1494758787533754372,david_doell,"???

@bak_shalom beteiligt sich an der personalisierten rechten Hetze gegen @ju_khatib und schreibt in Springer Manier ""Jules El-Khatib ist kein Antisemit oder doch?"" ğŸ¤¡ğŸ¤¡ğŸ¤¡ https://t.co/5UhmIyw16U",967420856036192257,"texte fÃ¼r @analysekritik, @KgK_News & NON | philosophie, filme, hist. materialismus, revol identitÃ¤tspolitik | queerkommunismus #DepressiveInternationale",
1513607265391190018,Bladda3,"@StBrandner Eugen Walter vom Z-Faschoclub ""Russlanddeutsche in der AfD"" im NRW-Landtag.
#putinschranze
#AfDVerbotSofort https://t.co/403XIZOX6G",1138501420829806596,"#noafd

Ich bin ein Kind des Ruhrgebiets. Da antwortet man auf die Frage nach der NationalitÃ¤t Schalke, Dortmund oder Bochum

Schulsozialarbeit Berufskolleg","[{'indices': [88, 102], 'text': 'putinschranze'}, {'indices': [103, 119], 'text': 'AfDVerbotSofort'}]"
1492839295522160647,NrWinzidenz,"@MarcoBuschmann @Tagesspiegel Mit Ihrem Interview spucken Sie Covid-Betroffenen und deren AngehÃ¶rigen mitten ins Gesicht. Sie sind Ihres Amtes als Justizminister nicht wÃ¼rdig, treten Sie zurÃ¼ck!
#Buschmannruecktritt
#Prienruecktritt
#Gebauerruecktritt
#RegierungAufloesen
#Neuwahlen",1430404811262939139,"Hobbymoderatorin von ""Deutschland sucht den #SuperTegnell""
Jede Infektion ist eine zu viel. ğŸ•¯ï¸
Konsequent&radikal gegen Durchseuchung und fÃ¼r
#MenschenSchÃ¼tzen","[{'indices': [195, 215], 'text': 'Buschmannruecktritt'}, {'indices': [216, 232], 'text': 'Prienruecktritt'}, {'indices': [233, 251], 'text': 'Gebauerruecktritt'}, {'indices': [252, 271], 'text': 'RegierungAufloesen'}, {'indices': [272, 282], 'text': 'Neuwahlen'}]"
1501524100480651265,88LoniK28H,"Keine. Alles wie gehabt. Sind doch so viele zufrieden. Scholz 60%,Baerbock 59%,Habeck 53%.",872044073720393730,"Deutschland ist meine Heimat. Und das Liebste mag's uns scheinen so, wie andern VÃ¶lkern  ihrs.ğŸ‡©ğŸ‡ª",
1500349247610359808,PaulusUsingen,@RainerDederichs @sunny_sommer @JurgenPresser @nenacasc @MatthiasLE45 @HendrikWuest @cdu_nrw Die CDU ist nicht wÃ¤hlbar,1372112187074940931,"In Deutschland geboren, ein Herz fÃ¼r Israel und dabei meine Heimat zu verlieren, ohne sie zu verlassen. Die linke Politik nimmt uns den Lebensraum
P.S. Indianer",
1504125882725711878,dinkelass,"â€Machen, worauf es ankommt.â€œ - Gerade in diesen schwierigen Krisenzeiten brauchen wir verlÃ¤ssliche FÃ¼hrungspersÃ¶nlichkeiten. DafÃ¼r steht @HendrikWuest. Mit voller Energie fÃ¼r #nrw. @CDUNRW_de https://t.co/xISebI8YDR",318351504,"WestmÃ¼nsterlÃ¤nder, Familienvater, Kommunalpolitik, CDU, FCB, Deutsch-Israelische Gesellschaft, hier: privat.","[{'indices': [175, 179], 'text': 'nrw'}]"
1498196822522834945,aliriaashlehy,"@twittschler Erst den Porzellanladen in Schutt und Asche legen und dann den Ladenbesitzer sanktionieren. LÃ¤uft bei den GrÃ¼nen. Ach. Und dann jetzt noch ""Nationalistisch"" werden, wenn es um die Ukraine geht, aber in Deutschland ""Pfui"" sagen. Politische Schizophrenie hat viele Gesichter.aliria",1026954049,"Autor, freier Journalist, Blogger, Maler und Gestalter - Liberal konservativer FlÃ¼gel",
1490137643245621255,Rheinjogger,"@MonaNeubaur Solche Hetzer, wie Sie, sind der Beginn der Diktatur. Wir werden Sie bekÃ¤mpfen! Nieder mit den Gegnern des Grundrechtes!",779037288902909952,Ich lasse von linksgrÃ¼nen Gutmenschen nicht meine Heimat und die meiner Kinder zerstÃ¶ren. ğŸ‡©ğŸ‡ª- I will not allow the leftists to destroy my country. ğŸ‡©ğŸ‡ªğŸ‡ºğŸ‡¸,
1493142877102346241,kofner1,@JoachimStamp Stop? Ist die #FDP nicht etwa in der Regierung? Wollen Sie die WÃ¤hler fÃ¼r Dumm verkaufen? Es gibt nur eine einzige #Freiheitspartei in #Deutschland - die #AfD! ğŸ‡©ğŸ‡ªğŸ’™âœŒğŸ»Wir waren und bleiben gegen eure Freiheitsverbote.,615001554,Volkswirt | Familienunternehmer | Russlanddeutscher | AfD,"[{'indices': [28, 32], 'text': 'FDP'}, {'indices': [129, 145], 'text': 'Freiheitspartei'}, {'indices': [149, 161], 'text': 'Deutschland'}, {'indices': [168, 172], 'text': 'AfD'}]"
1493170127063465984,kaye259621,@RobertMertens16 @synapsenkitzler @ju_khatib @DieLinkeNRW Ach so? Die Linke ist schuld an 16 Jahre Merkelregierung?,1016297811896397824,Pour la solidaritÃ© internationale plutÃ´t que la mondialisation nÃ©olibÃ©rale; lieber internationale SolidaritÃ¤t als neoliberale Globalisierung,
1488983988282830851,llemirinyolull,@SozialarbeitNRW @beerenstark Frau @beerenstark sie sind BÃ¤renStark!ğŸ’ªğŸ’ª Ich kÃ¶nnte Sie auch drÃ¼cken. Danke Ihnen von ganzen Herzen ğŸ’—ğŸ€ğŸ’—ğŸ€,1179134602222415873,"#BildungAberSicher
#NoAfD 
#FckNzs
#Schattenfamilien",
1492543466441777152,Teutone2800,@twittschler @AfDLindemann Seit ihr bei den GrÃ¼nen oder mÃ¶gt ihr Hausmannskost ğŸ¤£ğŸ’ª,792463818865664001,Ungespiket fanatischer MaÃŸnahmengegner Patriot und GrÃ¼nenfresser also fantastischer Charakter,
1492732788856049668,WernerKulikow,"@henninghoene Der Lauterbach hat doch genug von dieser Booster Pampe ! Ich denke aus SicherheitsgrÃ¼nden sollten die im BT jeden Tag geboostert werden, das wir keine AusfÃ¤lle bei so wichtige Personen haben. 
Holen sie sich ruhig noch eine ab, es ist genug da !",714145808447356928,""" Der Nationalist ist einer, der die anderen hasst. Der Patriot ist einer der das eigene Land liebt und den Patriotismus der Nachbarn versteht "" WeizsÃ¤cker",
