user_id,profile_text
1389536718852919297,"#twitter is over! join #mastodon!
-
#elonmusk is a complete dumbfuck
-
vorsicht: scharfe zÃ¤hne
- 
hinweis: geschÃ¼tzte accounts kÃ¶nnen diesem kanal nicht folgen"
1412281866997178370,"#nachdenker #mensch #frei #mÃ¼ndig #dialogfreudig #sanguiniker #gebildet #eigenemeinung #nixafd #nixcducsu #nixspd #nixgrÃ¼ne #nixfdp #nixlinke
#liquidedemokratie"
156928721,propaganda- und plakatierungsminister @partei_lev #nocovid #bildungabersicher jetzt auch bei https://t.co/ougbuiqxbs https://t.co/rqmh4pv3gx
824687728042381312,"ich sage nur ein wort: vielen dank! 


#politik #finance #fussballâš½ï¸ #gruenğŸ’¯"
1351872236962140161,diese gesellschaft ist im arsch. lasst uns sie besser machen. #heinerultras
931481560305586176,hier twittert privat klaus overdiek leiter der landesvertretung #nrw #dakgesundheit; ehrenamtlicher richter am #landessozialgericht #nrw
1420036703797096448,"ğ“–ğ“®ğ“²ğ“¶ğ“¹ğ“¯ğ“½/ğ“–ğ“®ğ“¬ğ“±ğ“²ğ“¹ğ“½ 
ğ“£ğ“®ğ“ªğ“¶ ğ“¦ğ“²ğ“¼ğ“¼ğ“®ğ“·ğ“¼ğ“¬ğ“±ğ“ªğ“¯ğ“½ 
ğŸ’™ğŸ’›ğŸ‡ºğŸ‡¦ğŸŒğŸ‡ºğŸ‡¦ğŸ’›ğŸ’™ 
#staywithukraine ğŸ’™ğŸ’› 
uÉzá´‰ssÊ‡á´‰uÊÇu 

#antipro"
1375451228889550856,"news vom team presse & politik der aok nordwest zu den themen #gesundheitswesen #gesundheitspolitik #digitalisierung. 
impressum: https://t.co/yzvmshrbru"
1381978118357983238,#bildungabersicher #praesenzpflichtaussetzen #nichtmituns #kinderdurchseuchungstoppen #schuetztdiekinder
761353010,heilpÃ¤dagoge| hochschullehre schwerpunkt #inklusion in der  kinder- und #jugendhilfe sowie #hilfezurerziehung | insofa | twittert hier privat | #antipro
2802664413,"journalistin, politik, #nrw"
1294862399166717952,#kindertruppe
1039899203886043136,"dan moraru, doyen des konsularischen korps #nrw, dean of the consular corps #nrw, generalkonsul von rumÃ¤nien in bonn"
1334970454935826437,"fuÃŸball (@s04), f1 (#msc47), politikinteressiert (#cdu, #ju), 
fan von geilen autos 
#nrw
#eineunion
#thinblueline
#redwave"
1369268314015494147,hier twittert die #kindertruppe.
2708393068,"kleiner internetraudi und ameisentÃ¤towierer

das ğŸ–¤ in #telaviv, 
die âœŠ in #dÃ¼sseldorf

#keinvergeben #keinvergessen:
#wehrhahn-anschlag 27.7.2000 #dÃ¼sseldorf"
1328112461082468353,"kaffee, whisky, zigarren ğŸ™‚ grÃ¼nerğŸŒ» #pescetarier ğŸ¥¦ğŸ™ #nietzscheğŸ“š #startrek ğŸ–– #wandern ğŸï¸ #prag ğŸ’š âš½-fan des #fcbayern"
833733476373377024,"meine nachrichten als #autor und #herausgeber in den bereichen:   #wissen, populÃ¤res #sachbuch, #bewusstsein, #roman, #buchvorstellung. folge mir!"
1203785617265627137,"#vflbochum ğŸ’™ğŸ¤, #meinvfl ,#bochumistbasketball. #herbertgrÃ¶nemeyer, #laufeninkoeln"
3309826265,"sozi, links, #hiphop -liebhaber, #starwars - fan, #bond - fan, #h96 - fan mit â¤ï¸ fÃ¼r #bvb09, â¤ï¸ fÃ¼r #trash, stÃ¶rrischer owler, gutmensch, webaktivist/onlinepony"
64266208,"#bvb ğŸ–¤ğŸ’›| #echteliebe | #sport| #serien | #technik, #foodporn & seit neustem interesse am #biken (#mtb & #emtb)"
997138767763750912,"#fdp | #eifel | begeisterung fÃ¼r #politik, (rock-)musik, @fckoeln & ausgiebige wanderungen"
999019154618363904,"direktor, flossbach von storch research institute #money #financialmarkets #asia #sozialemarktwirtschaft #eucken #erhard #hayek"
3122315198,"vizeprÃ¤sidentin @landtag_nrw, abgeordnete fÃ¼r kÃ¶ln @gruenefraknrw, sprecherin fÃ¼r #europa, #einewelt & #internationales, ob-kandidatin fÃ¼r kÃ¶ln, privat-profil"
830504266666221568,"hier twittert der spd ortsverein heepen in bielefeld.
#spd #nrw #bielefeld #europa #heepen #altenhagen #baumheide #brake #brÃ¶nninghausen #milse #oldentrup"
541735347,politikenthusiastin â€¢ idealismusverteidigungsmÃ¤dchen â€¢ mit ganzem herzen liberal â€¢ ein trotzdemmitglied der @fdp â€¢ #politikliebe â€¢
849592014131908608,"christ, assistenzarzt, politisch interessiert, #effzeh und vieles mehr"
1219148568600203264,"#covidisnotover #longcovid
#medizinbrennt #pflegebrennt 
#skandalheim 
#mahsaamini #iranprotests #iranrevolution
#klimakrise
@monozytenfarben@social.anoxinon.de"
748118423297720320,"wir entwickeln digitale geschÃ¤ftsmodelle mit #mittelstand, #startups und #techies. werde teil unserer regionsweiten community! @dwnrw #digitalhubms #fablab"
740953422,"rÃ¤cherin der 70.000 hanfsamen aka. aunt tifa
#weedmob @leapdeutschland 

#cannabisisterstderanfang"
1158801704818790400,"dank ehefrau kinderreich, unternehmer. â€ich bin ich, du bist du. schÃ¶n, ich bin nicht auf dieser welt, um deinen ansprÃ¼chen gerecht zu werdenâ€œ. (#fdp!)"
84673118,"landtagsabgeordnete der spd fÃ¼r hemer, menden, balve, neuenrade und plettenberg #landtagnrw #ltnrw #nrwspd #mÃ¤rkischerkreis"
2712410045,"grundschullehrerin und mama, jeweils mit herz ğŸ’— #kindertruppe #kidsfreedomday #freedomday"
858362895075340288,"ehem. mdb (@fdpbt), vorsitzende des ausschusses bauen & wohnen, vorstandsmitglied der dfpv der 20. wp, mitglied im vorstand der @fdprlp, mitglied im #fdp-buvo"
1385515009942376449,"#grÃ¼ner #kommunal #politiker
#gruenebielefeld
#arminiabielefeld
#erneuerbaree
#rassismusistkeinemeinung
#klimawandel"
102371677,die groÃŸe volkspartei der mitte in #nrw. vorsitzender & ministerprÃ¤sident: @hendrikwuest. generalsekretÃ¤r: @paulziemiak.
2165057996,der landwirtschaft zutiefst verbunden. inhaberin agrar-press. mÃ¶hren sind systemrelevant. #dorfkind #stadtkind #fdp #frau #teilderzivilgesellschaft
3526579397,#bitcoin
79136768,landtagsabgeordneter seit 2010. #remscheid und #radevormwald. #ltnrw #nrw #nrwspd #spd-fraktion-nrw
1264974677241401344,"#ferngesteuert vom
ğŸ˜‚ğŸ‘Œ#weedmob #entkriminalisierungsofort 
#itkellerkind ( #ptbs )krank )-|-("
382617136,privat: #geschichte â€¢ #politik â€¢ #medien â€¢ #kommunikation â€¢ #fuÃŸball â€¢ #energie. beruflich: #pressesprecher @steag_energy @iqony_energy. retweet â‰  endorsement.
1123952654617645056,"#gÃ¤rtner #linksversifft 
 #klimaschutz #entkriminalisierung #legalisierung #weedmob #antikapitalistisch boomerkritisch /
beim umzug: pickaxe.bsky."
1383694287284568071,"ehemaliger kritiker, der nur noch sarkasmus fÃ¼r den ganzen  irrsinn Ã¼brig hat! 
ich antworte auf kommentare oder auch nicht.
trans-parent
wer/wo
#heinerultras"
1349522300371087361,"mother of two fantastic teens,
opfer der nrw durchseuchung.
team #sicherebildung.
glaubt kaum noch an gute menschen ğŸ˜”
chaosqueen mit ptbs"
2867415309,"politisch bei den @jusos und der @spdde in #nrw aktiv, ratsvertreterin im rat der @stadtdortmund, mÃ¤dchen aus dem #ruhrpott und arbeiten tue ich auch ;-)"
772296787,cannabis-aktivist #weedmob ğŸ¥¦ | mitglied deutscher hanfverband (dhv) ğŸ¦… & csc dÃ¼sseldorf ğŸ¤ | nerd ğŸ¤“ | wissenschaft ğŸ–– | klimaschutz ğŸŒ | gerechtigkeit âš–ï¸ | ğŸŒ»
1367560761359368195,"3xvater, mag fairneÃŸ, integritÃ¤t, logik, psychologie, statistik
#flutfunk #bildungabersicher #deeskalation"
3307929051,"abgeordnete & stv vorsitzende @fdpfraktionnrw | ğŸ“£ ki & schule | versicherungskauffrau, dipl.-kffr. (fh) & m.a. comms | @mue_re auf tiktok ğŸµ| #bonn | rheuma"
117737514,"aktuelle news aus #wirtschaft & #finanzen
entdecke @na_presseportal | service von @newsaktuell | impressum & datenschutz: https://t.co/zp3cumzxyc"
395236287,satire / parody / kunst #heinerultrasğŸ•Šï¸ #dontbelievethehype! opinions are own!
441291691,"jura, aktien, kryptos und splinterlands 
- keine anlageempfehlung -
du kannst mich gerne jederzeit anschreiben!
#hive â™¦ #splinterlands #bitcoin"
1323915461571104772,"chronisch ironisch, sarkastisch, zynisch & manchmal mit vorsicht zu genieÃŸen, #maskebleibtauf
#bildungabersicher"
1036358752860090385,politikğŸ­ bildungğŸ« sex-positiver feminismusâš§ Ã¶kosozialismusğŸŒ±antifaschismusğŸš©lgbtiq* #queer|es @arbeiterkind ğŸ³ï¸â€ğŸŒˆ #blm #prochoice #metwo #twlz @dielinkeâœŠ
881643982731739136,"kreisvorsitzender #freiewÃ¤hler #frankfurt #hessen #fw 
ing. lebensmitteltechnologie 
@fwhessen @fwffm"
3294006790,#literatur #kunst #politik
1024097895904100352,#echt#aemama#ap#pflege#palliativcare#painnurse#sapv#bochumerbund#pflegekammerpro#noracism#grÃ¼n#klima#maske#impfungschÃ¼tzt#toleranz#solidaritÃ¤t#musik#
2742478765,kaffeetrinker//schreibender legastheniker (kein witz)//*oft rauch umwabert* hallo drache? #action #sifi #fantasy #roman #allage
1314802150749413376,"vater und mensch, der noch an die logik und fundierte wissenschaft glaubt.
#sicherebildung #nocovid #teamkinderschutz"
556694779,hier twittert das team der pressestelle fÃ¼r die grÃ¼ne fraktion im landtag nrw #ltnrw. ğŸŒ» impressum: https://t.co/gy5w2eop4a
1473408942822858762,"geschÃ¤ftsfÃ¼hrer #koelnerfluechtlingsrat e.v., #asyl, #fluechtlingsschutz, #menschenrechte, #verfassungsschutz, #bleiberechte, #kÃ¶ln, #ngo"
3357002387,"der schwabinger #weedmob auf #mastodon. https://t.co/blh0nvwnhv
news Ã¼ber #cannabisalsmedizin, genussmittel & rohstoff.
#entkriminalisierungsofort"
25858487,"dortmund daily
nachrichten aus und Ã¼ber dortmund
#dortmund â¤ #bvb ğŸ–¤ğŸ’›"
16337664,"citoyen + #humanrights #antisemitismuskritisch #lgbt + #religion + rt=lesehinweis views are my own ğŸ hier privat ğŸ‡®ğŸ‡±ğŸ‡ºğŸ‡¦ #fdgo  
- der einzig echte -"
1084149784808689695,"#fasd fighter,
neurodivers,#effzeh , antifa, linksgrÃ¼ne spinnerin, #slavaukraini ğŸ‡ºğŸ‡¦ 
#bringthemhomenow ğŸ—ï¸ğŸ‡®ğŸ‡±
queer, lesbisch ğŸŒˆ 
she/her ğŸ©·"
808905024176852992,#energiepolitik #energiewirtschaft #energietechnik
859107610041221125,"he knew only that his child was his warrant. he said: if he is not the word of god god never spoke. 
cormac mccarthy
#slavaukraini"
1374708158808080387,a smile is the prettiest thing you can wear... free the smiles! den corona-wahnsinn aufarbeiten! tÃ¤ter zur rechenschaft ziehen! jetzt! #medienkrise
1398329771252125696,"solidaritÃ¤t mit den opfern des putinismus, europÃ¤er, konservativ, cdu, tolerant, alter weiÃŸer mann.
 #nafo, #fella, #fdgo-ultra"
1343304613420789760,1 welt fÃ¼r alle #inklusion #diversity #umweltschutz #keinenmillimeterdennazis
406893885,"abgeordnete im #eu parlament die #linke (the left)
#friedenâœŒ#sozialesğŸ’¯ #gerechtigkeit â¤
leben einzeln und frei wie ein baum & geschwisterlich wie ein wald..."
1270739345285185538,#yestonocovid #zerocovid #endcoronavirusorg vegan feminist bujoing knitting  hulahooping mom  catmom  sso since 2013
61040943,"#politik, #links, #dÃ¼sseldorf. der offizielle account von die linke. dÃ¼sseldorf. hier gibts neuigkeiten, termine und diskussionen. schreibt uns gerne!"
1490289451834224641,"#weedmob #cannabisfakten #csc #cad
1. vosi des @cscluebeck & mitgrÃ¼nder.
im vorstand von cad @cannabisaven_de."
720350029186076672,"nostr: npub1fteq4pzuu4zx9y54hq5ajl8ryunutvl53zvfgj7kvzk23lhmzzlstcya5n
sed = rot, rot, grÃ¼n, schwarz, gelb.
ğŸ‘€
#bitcoin
#freeassange
#querdenker"
775121844240252929,ideologischen giftmÃ¼ll entsorgen: arten- & #naturschutz vor klimahysterie! + #atomkraft: ja! + #windkraft im #wald: nein! + stand for #israel and #idf!
3130760699,#politics #germany #peace #infosec #penandpaper
896045621068656640,"the elÃ¤nd denizen. shitposting vs nazis, idiots, putinists, maga morons. #nafo #teamrobert"
808907084364386305,#energiewirtschaft #energiepolitik #erneuerbare #windkraft
1293469415149797376,"illy@newsie.social
#elternmitbestimmung
#bildungsstattpraesenzpflicht
#yestonocovid
#nocovid"
1127831249949745152,alle infos zum ğŸš² #radverkehr in #bonn. morgens das ergebnis des vortags der bonner fahrradzÃ¤hlstellen. @bonnbike@bonn.social. impressum: https://t.co/xmcvddernk
1182004576553189376,"wir geben ""unternehmen in #verantwortungseigentum"" erstmals eine stimme. #stewardownership #startup #mittelstand #sozialemarktwirtschaft"
341757985,"#legalizealldrugs ğŸŒ±ğŸ„ğŸ’ŠğŸ’‰âœŒï¸
#antipro
#rausausderscond

fÃ¼r die europÃ¤ische republikğŸ‡ªğŸ‡º

open source

religion ist scheiÃŸeğŸ’©

literatur- & sprachwissenschaften"
386434501,"hier twittern redakteur:innen der digitalredaktion Ã¼ber themen aus #frankfurt, rhein-main, #hessen. | Ã¼berregional: @fr | https://t.co/ff4suoorkk | https://t.co/jeselxgxsh"
951859687351300096,#logistik #infrastruktur #industrie #innovation #digitales #smartcity #smartship  ğŸ‘‰gf niederrheinische ihk und sprecher verkehr u. mobilitÃ¤t ihk nrw
469787669,"""in the halls of justice, the only justice is in the halls."" 

#law, #economy, #covid19, #health, #society
#twittermigration: https://t.co/o2nvind5bs"
82574080,der offizielle x-account der zeitung energie & management - fÃ¼r die #energiewirtschaft. kommentare werden nicht beantwortet. impressum: https://t.co/ocrsbjmtpc
22288580,faible fÃ¼r digitales. treckerfahrer. kÃ¶lner (also karnevalist). engagiert in der politik. mitglied des landtags #nrw. vorsitzender ausschuss schule & bildung.
1089280689516744705,freiheit // parteiunabhÃ¤ngig // spaziergÃ¤nger ğŸš¶ğŸ¼â€â™‚ï¸// #bitcoin #gold #silver // berlin ğŸ¸ // keine parteizustimmungen nur einzelmeinungen // ğŸšœğŸšœğŸšœ
1298977173789761538,#menschenrechte #grundrechte #vitamind! #functional medicine #naturheilkunde.nowef. nogwup. mrna sind experimentell bis 2026.high tech fan.mikroimmuntherapie
1477790970360082439,eigentlich nur ein ganz normaler nerd mit interesse fÃ¼r #ai und #kunst. mittlerweile aber zu besorgt Ã¼ber den wahnsinn in diesem land.
4165256267,"internet, iot, cybersecurity, new tech, crypto, ipv6, #ai, privacy, quantum computing - impact on society of all this stuff - ceo @neulandhomeland"
715546329792045056,#satire#klarseher#gerechtigkeitstyp#oldschooler#gegenjedeformdesextremismus#meinungsoffen#hieristdieverurteilungsfreiediskussionszone#mitdenker
2218202379,ğŸ‡ªğŸ‡º ğŸ‡©ğŸ‡ª ğŸ‡§ğŸ‡¬ | pittsburgh steelers + fc kÃ¶ln #nafo
1411925630099374084,steuerlicher wegzugsberater | libertarier | #heinerultras
719847464791076864,kreisverband #kÃ¶ln der alternative fÃ¼r deutschland | https://t.co/4unagkhfvs i kanal der kÃ¶lner afd ratsfraktion hier: @afdkoelnerrat
1007290636079333382,"ğŸ’š klima ğŸŒ landschaft ğŸŒ waldğŸŒ³ 
frauenrechte ğŸ–¤ sind menschenrechte âœ¨#europeunitedâœ¨"
2560775249,i'm dope in real life ğŸ„â€â™‚ï¸ 25 years #wrestling â™¡ #music ğŸ§ #wwe #beer ğŸº #gaming ğŸ® #footballâš½ï¸ #germany ğŸ‡©ğŸ‡ª #bvb ğŸ’›ğŸ–¤ miss you #braywyatt ğŸ•¯ï¸
377393911,"#wissenschaft #glaubtnix #liberal #denkselbst medienzentrumsleiter hanau, #pirat #privataccount #meinungsfreiheit #teamspace #twlz #handball im vorherigen leben"
97067282,"people, #politics #social #technology, #climatecrisis #renewables #health ğŸ‡ªğŸ‡ºğŸ‡©ğŸ‡ªğŸ‡ºğŸ‡¸ğŸ‡¬ğŸ‡§ğŸ‡®ğŸ‡±ğŸ‡ºğŸ‡¦ â¡ï¸ https://t.co/5km7vf1j2y"
2491731514,"liberal, schmidt-soze, #pflege, nach ddr in marktwirtschaft gelandet -gott sei dank. gym, arbeitsrecht - hier privat"
1425929440090013698,"betriebsratsvorsitzender, gewerkschafter, sozialdemokrat (heimatlos). #nafo.
born at 345 ppm.
ğŸ³ï¸â€ğŸŒˆ"
21287514,"ğŸ‡¬ğŸ‡± @voglerk.bsky.social linkes landei. #bundestag 2009-2025 #abrÃ¼stung, #frieden, #gesundheit, #pflege, #queer, landessprecherin die linke #nrw"
1259478503738748929,#bitcoin  |  âˆ/21m | â‚¿e your own â‚¿ank ğŸ´
1143976260605022221,"dipl.-kfm.. liberal. vermieter. boomer. pv mit speicher, bev und erdwÃ¤rmepumpe (seit 2007). trotzdem ee-skeptiker.
#eintracht #frankfurt"
1360644283305459716,#bitcoin ğŸ’ #aktien #etf #niewiedersozialismus #wirtschaftsinformatiker
874284174898855937,"ba war studies, pgd conflict studies. #linksgrÃ¼n #eu #nafo #trekkie #tikiphile"
719954608945291264,"#politics #travel #photography, #metalmusic, #bbq, #running. tweets are my own."
177307973,338ppm Â· #neuland seit 1997 Â· ... von den verbitterten idioten nicht verbittern lassen!
50449112,"unternehmer, berater, investor, autor, keynote-speaker. mir geht's um #wachstum, #zukunft, #mittelstand. hier privat."
1117749912,"#nrwspd-vorsitzender & stellv. @spdde-vorsitzender. ich poste ohne kÃ¼rzel, mein team unter (tap)."
1350893258617085953,"ğŸŸ¡freiheit stirbt zentimeterweiseğŸŸ¡ #kindertruppe, #frauensagennein #x #teamunbequem #â›”ï¸ğŸ’‰#womanrise #selfidharms"
1150366369776640000,#mÃ¼nster ist die #wirksamste #stadt der welt. âš™ï¸ eine kluge #politik ğŸ’¬ und eine innovative #wirtschaft ğŸ— sind die basis fÃ¼r #sicherheit und #wohlstand.
1381263998436392962,"it-security profi und profi-papa, alleinerziehend im wechselmodell, gesunder menschenverstands, pragmatiker, hobby rock-gitarrist, #gegendenstrom #kindertruppe"
987035156,mitglied im landesvorstand @gruenenrw ğŸ’š | ratsherr in #bochum | socials: @florianpanko | #ruhrpott âš’ï¸ | ğŸ³ï¸â€ğŸŒˆ
69251919,ich denke manchmal laut. und manchmal schreibe ich es auf. dann kann man es hier lesen. im herzen soziologe #science #politics #bvb
1331688082547101696,#neuland since #akustikkoppler
1490743938969489412,"37 j. ğŸ‡©ğŸ‡ª | geschieden | papa *2016 | nordhesse | #fcbayern â¤ï¸ğŸ¤  |
ğŸ’š b90/grÃ¼ne ğŸ’š"
421463831,"ğŸ‡ºğŸ‡¦ ÑĞ²Ğ¾Ğ±Ğ¾Ğ´Ğ° Ğ´Ğ»Ñ #ÑƒĞºÑ€Ğ°Ğ¸Ğ½Ñ‹
ğŸ‡ºğŸ‡¦ freiheit fÃ¼r die #ukraine
ğŸ‡ºğŸ‡¦ ÑĞ²Ğ¾Ğ±Ğ¾Ğ´Ğ° Ğ´Ğ»Ñ #ÑƒĞºÑ€Ğ°Ñ—Ğ½Ğ¸

ğŸ³ï¸â€ğŸŒˆ swabian @koeln born in ğŸ‡ªğŸ‡º

âš–ï¸ law, science, politics ğŸ–¥ï¸ğŸ§¬ ğŸ§ªğŸ”¬ğŸ“¡"
789189354,phd in #greek #roman #history #defense #classics #politics #education #europe #rpg|s #wargame|s #nato #spd #nafo #reserve #jgbtl921; vorsitzender ov essen-mitte
1296053160327421952,tweets und infos zu #bildungabersicher in nrw. wir fordern #bildungstattprÃ¤senzpflicht und infektionsschutz in schule und kita
1305764521957613568,"bundesland-account von @bildungsicher
#bildungabersicher 
#schattenfamilien

kontakt: info@bildungabersicher.net

impfanfragen: impfung@bildungabersicher.net"
4905270105,"#grundeinkommen
#bge
#basicincome
#ubi"
1112003291804852224,lehrstuhl der @uni_wuppertal: #forschung und #innovation fÃ¼r #digitaletransformation #datascience und #kuenstlicheintelligenz
1251593287141646336,"@flodine@troet.cafe
@flodine3.bsky.social

#nocovidjetzt #sicheredigitalebildung #behinderung, gebÃ¤rden, mama, traum v. nachhaltigen leben mit garten&tinyhouse;"
1375951334,"nie wieder ist jetztâ€¼ï¸
ğŸ’œ integration council cologne @volteuropa
ğŸ¤ journo @getrealnowpod ex-@faznet
ğŸ¤ #europe #politics #migration #antiracism
here privately"
29173958,"fdp mdl sh (2017-2022), digital guy, #freeukraine #bÃ¼rgerrechte  #innovation #skydive|r #travel @fdpfraktionsh #ltsh  #savemyinternet"
199322951,#bitcoin loquente omnis oratio inanis est
200512879,"working in external relations at #unhcr @refugees in #niger, previously with @who, #egypt, #ukraine, #chad #dadaab. usually busy connecting the world"
495299129,ein herz fÃ¼r #bildung #datenschutz #digitalisierung / vorstand eggegebirgsverein / senior consultant
1282978565772980224,"mitglied im rat der stadt #dortmund 
lehramtsstudent fÃ¼r sonderpÃ¤dagogische fÃ¶rderung, kinderkrankenpfleger"
855339513198952448,"landtagsabgeordneter #nrw |
kreissprecher im afd-kreisverband warendorf"
41202725,"ich bin der frank.
ğŸ³ï¸â€ğŸŒˆ   ğŸŒ ğŸ ğŸ„ ğŸ¥¦  ğŸš´â€â™‚ï¸  #weedmob #kcang sÃ¤ule 2 muss jetzt kommen."
1228725567832363008,"seite des autors, regisseurs und veranstalters tom bohn. 
news zu #medien, #kultur, #event. 
follow oder like heisst nicht automatisch zustimmung."
2399811175,"aktuell - regional - relevant
das magazin fÃ¼r ganz #nrw. | mo.-fr. um 18:00 uhr."
1295737754320613376,"ğŸ‘‰ğŸ˜ğŸ‘‰ 

ğ’¦ğ“Šğ“ƒğ“ˆğ“‰ğ’»ğ’¾ğ‘”ğ“Šğ“‡  #weedmob"
1153187719,"#hoffnung auf lebensqualitÃ¤t, gerechtigkeit, respekt #cannabismedizin #multiplesklerose #cfs  ğŸ¾â˜®ï¸ğŸŒˆğŸğŸ’šğŸŒ±ğŸ¥¦â˜•ï¸ğŸï¸#supportdontpunish #weedmob"
1275057455345487872,"die clusterkarte wurde eingestellt, da keine fÃ¤lle an schulen mehr gemeldet werden.

im #teamsicherebildung

7xğŸ’‰

https://t.co/mpih4lzqee"
63960389,"physician exec, devoted to measurable&transformative patient value-beekeeping charity, motivational speaker #ai #eulover #leanhealthcare #start-up #patientvalue"
1154364616899739649,#grÃ¼ndennrw ist euer #startup-netzwerk fÃ¼r #nrw. durchstarten dank #beratung und #fÃ¶rderung. zeit zu grÃ¼nden! // impressum: https://t.co/yv2hlyxszr
1338480430157344769,"ğŸŒ¹jugendverband der spd
âœŠ mitmachen & politik aktiv gestalten!
schreibt uns eine dm!
@jusos #leverkusen"
1295325691878289408,"#nrw infos & tweets zu #bildungabersicher 
dieser account gehÃ¶rt zu @bildungsicher 
fÃ¼r hinreichenden infektionsschutz in schulen und kitas
#schattenfamilien."
2226471804,@welt. ressort #politik. twittert Ã¼ber #innenpolitik ... hier privat.
222107763,"wir betreuen diesen account nicht mehr aktiv. wir sind aber vertreten auf #bluesky, #facebook, #instagram, #linkedin, #mastodon, #threads und #whatsapp kanÃ¤le."
22474055,beruflich was mit #kultur und #wissenschaft und #socialmedia. privat #pandabÃ¤ren #museen #kultur #politik #fuÃŸball.
626287930,"#Ã¶kologie ğŸŒ» #gerechtigkeit ğŸŒ #zusammenhalt ğŸ’š
mdb @gruenebundestag aus #thÃ¼ringen, vizeprÃ¤sidentin des deutschen bundestages a.d."
1184848228694581248,proud member of #nafo - nie wieder spd! besonnenheit tÃ¶tet. keine chance den antisemiten und putins schergen der moskau connection #standwithroderichkiesewetter
283683645,"â¤ï¸ ğŸ‡ºğŸ‡¦ vroniplag-wiki-grÃ¼nder martin heidingsfelder Ã¼ber vroniplagÂ®, vroniplag wiki, @vroniplag.bsky.social . #slavaukraini"
1102977050133098496,"umfragen und wahlergebnisse aus Ã¶sterreich. 
deutschland: @wahlen_de https://t.co/vwwtjslqdr 
#nationalratswahl #nrw29 #ltwburgenland #wienwah"
1355921768804986886,"winzer d.r., gÃ¤rtner, #moselaner in berlin, #riesling hool, #effzeh fan, fernmelder a.d., cdu parteisoldat, bundesvorsitzender #radikalemitteâ„¢ï¸ ğŸ§·"
159171318,laminator und journalist. spricht Ã¼ber schiedsrichter bei @collinaserben und fahrrÃ¤der im @dlf_sport #radfunk. #twlz @sportkultur@chaos.social
733273843,"Â»die hoffnung stirbt zuletzt doch nicht.Â«

teams: freiheit, pluralismus, bildung, kultur und #mdrza."
1019256017652248576,"generation x
multiple sklerose
adhs
#weedmob
legaler cannabispatient nach Â§31,6 sgb v
fckafd ğŸ–•"
710425378716819457,#europÃ¤er ğŸ‡ªğŸ‡º #historiker #jerusalem-freund - altstipendiat der @jonakademie - kommuniziert hier privat
1379786232083972096,"designerin, autorin, erfinderin; #covidisnotover, #teamvorsicht, #diemaskebleibtauf; privatprofil, um nicht zu platzen | @sisitralalee.bsky.social"
857090947,"media culture studies ma, history ba
| #effzeh âš½ï¸"
1002590454964195328,"natur, musik, familie, hundema, tierrechte, grundeinkommen (bge), cannabis medizin, nuclearban, verkehrswende, no dms #covidisnotover"
399025508,"inhaber der pr-agentur eye communications. 
#unternehmer #rechtskommunikation #litigationpr #wirtschaft #pressefreiheit #bildung #mirovia #frankreich #freiburg"
1353646256292290562,"hier privat fÃ¼r das #twlz / entre2tierrasğŸ‡¨ğŸ‡´ğŸ‡ªğŸ‡¸
ğŸ³ï¸â€ğŸŒˆ she/her"
1252216806,#weedmob #entkriminalisierungsofort #legalisierungkommt
3417281013,co-vorsitzende @dielinkebt | co-spitzenkandidatin @dielinke zur #btw25
121039932,"hier gibt's aktuelle news aus #arbeit & #soziales
entdecke @na_presseportal | service von @newsaktuell | impressum & datenschutz: https://t.co/xsllvlrvfv"
968077583924584448,"#landwirt #landwirtschaft
#kbv_nwm
#fotografie
#agrarpolitik #fdpmv"
810809520083582976,"software, numerik, statistik, chemie, theologie, klavier, berge, afrika und viel halbwissen auf allen gebieten
#nocovid #ffp3 7 mal #mrna geimpft @seawatchcrew"
793400734104641537,optimistisch. begeisterungsfÃ¤hig. hellwach. ğŸ”´#yestonocovid #lebenretten â˜®ï¸
118648368,"hier gibt's aktuelle news aus #medien & #kultur
entdecke @na_presseportal | service von @newsaktuell | impressum & datenschutz: https://t.co/cw7e09wh4a"
1290601587434545152,"wir machen #solingen & #nrw fÃ¼r euch nachhaltiger, sozialer und grÃ¼ner! aktuelle pressemitteilungen: https://t.co/ya0vvmie84"
1050112064,beste wahlprojektionen auf grundlage von umfragen & analysen â€“ genaueste projektionswerte u. a. fÃ¼r #btw25 #ltwbw #ltwby #ltwbb #ltwsn #ltwst | nicht prognos ag
231741469,#bÃ¼rgerlich #konservativ #antitotalitÃ¤r #sozialemarktwirtschaft #nafo
1140905987722924032,"selbstdenker â€¢ account managerinâ€¢ ernÃ¤hrungsberaterin â€¢ fÃ¤hig statistiken zu lesen â€¢ viele wissen nicht, dass demokratie kritisieren, demokratie ist! @fdp #nrw"
244361955,"29 y.o
ukrainian #fella ğŸŒ»
love my country, music, art, nature and animals.
ghost, ğ™‡ğ•†Òğ¼, doc strange, bb, dd,
moon knight and vergilğŸ—¡
Ñ€ÑƒÑĞ½Ñ– Ğ¿Ğ¸Ğ·Ğ´Ğ°  
ğŸ³ï¸â€ğŸŒˆâƒ¤"
1346122904031916032,"ğŸ—ï¸freiheit, friedenğŸ•Šï¸ #kindertruppe #teamliebeâ¤ï¸ ğŸ‡®ğŸ‡± ğŸ§¡ #xx #selfidharms"
17234497,"ausschussvorsitzende @aghberlin #gesundheit & #pflege. 

ausserdem fÃ¼r @gruenefraktionb im #hauptausschuss, #ua bmc & #wissforsch.

mda aus berlin-mitte."
149299258,"hier rein privat. fan von #effzeh. wer etwas zu meiner arbeit als botschafter in russland lesen mÃ¶chte, ist eingeladen, @germania_online zu folgen."
3086367489,"projects, communication, strategy and concepts for #literature #science #politics. antiracist feminism. she/her"
1125125149169278987,"online und offline fÃ¼r die rehabilitation von cannabis aktiv.
von nix kommt nix! #weedmob #legalisierung #entkriminalisierungsofort"
59520539,"gewinner award digitale bildung 2021 stellv vors. bildungspolitisches netzwerk #twlz, #nrwedu #digitalebildung, #tatort, #politik, #prÃ¤dikant, #cdu, #cda"
769084861596434438,fgf der @afdkoelnerrat i #kÃ¶lnretten i mitglied des #koelnrat i mitglied der bv #chorweiler | ob kandidat der @afdkoeln
56630476,ğŸ”¬ ticks & trips. was mit pluripotenz! âš½ï¸ team #3g+ - nur der #bvb
491446132,"mitglied des stadtrates #leverkusen

mitglied der vertretung fÃ¼r den stadtbezirk 3

2011-2020 vorsitzender @gruenelev"
49924054,"deutsches handwerksblatt. infos + geldwerte tipps fÃ¼r #handwerk, #mittelstand, #kmu, dÃ¼sseldorf. e-mail: info@handwerksblatt.de. fotos: https://t.co/b0aztwrksx"
705887018665037827,"veteran per definitionem. glÃ¼hender unterstÃ¼tzer der #ukraine & der #Ğ·ÑÑƒ: Ğ¼Ğ¸ Ğ¿ĞµÑ€ĞµĞ¼Ğ¾Ğ¶ĞµĞ¼Ğ¾! #nafo
https://t.co/y6pyp6zrrk"
61549019,deutscher hanfverband (dhv): die professionelle interessenvertretung fÃ¼r legalisierungsbefÃ¼rworter // #weedmob
110945147,"landtagsabgeordneter #nrw, stellv. vorsitzender der @spd_fraktion_nw, #transformation, #rundfunkrat @wdr, #ltnrw #spd #politik"
1393167627112095751,"mal was mit medien gemacht. 
vater. he.
420 #weedmobster
gitarre/bass/eurorack
gerne alleine und mit den richtigen menschen zusammen. 
musik. 
film. 
podcast."
1332665291239780354,"mensch & mutter 
#protectthekids #maskeauf #lebenretten 
#parentsforfuture #nocovid #zerocovid #twlz 
#bildungabersicher #sicherebildung #pflexit"
54360398,"journalist. gut informiert & gelegentlich unbequem. nimmt #klimawandel & #corona ernst. #mecfs seit 2015. im team wissenschaft.

https://t.co/lexxmiiuqq"
1369605076269023232,"immer gerne lehrer, jetzt bildungspublizist & freier schulberater

kollegiumstage & einzelcoaching
feltenslehrerclips: https://t.co/ssm5nvfgje
zeit: https://t.co/gnbynkttgx
#twlz"
1379757121978445824,"#weedmob #niewiedercducsu #420 #entkriminalisierungsofort ğŸ’š make love not war ğŸ’š ğŸ’šdhv mitglied ğŸ’š wenn unrecht zu recht wird, ist weederstand pflicht ğŸ”¥"
31095865,"e = #euqality = gleichheit, gleichstellung
h = #health(care) = gesund(heit, gesundheitswesen)
s = #social(istic) = sozial(istisch)

#covidisnotover #maskup"
1276065476041465863,"fÃ¼r infektionsschutz in schulen & kitas 
#schattenfamilien
#mecfskids #longcovidkids 
kontakt: info@bildungabersicher.net 
ğŸ’‰ impfung@bildungabersicher.net"
1067382190240092160,oneworryless foundation | kvk 80491529 | initiatorin: #bratenpaten #technikpaten #ticketpaten #kleiderpaten #gesundheitspaten #100kinderwÃ¼nsche #wolkenpost uvm.
18723707,"arbeitet fÃ¼r #rlp. #medien #socialmedia. hier privat, aber politisch. sozialdemokrat. reisender. #mainz, #sge, europapokalsieger @olischopp.bsky.social"
112526774,"cdo, digital transformation & innovation advisor, mobility of the future, enterprise architect, program & project manager. born co2 level was @322 ppm. #aitask."
1379094072573501443,"@saintjavelin.com #nafo #mahsaamini 
nazis & antisemiten werden sofort geblockt."
1447816066667794435,"irgendwo zwischen #love #peace #harmony und #fuckthesystem
ğŸ’š #weedmob ğŸ’š
& nope, i don't wanna buy weed online."
3149584498,"fÃ¼r die vollstÃ¤ndige legalisierung von cannabis und entkriminalisierung aller drogenkonsumenten.
#weedmob #entkriminalisierungsofort"
35723426,"chefredakteur @tablebriefings #tischredakteur formerly @thepioneerde @rponline - hauptstÃ¤dter mit rheinischem antlitz. ğŸ™ï¸https://t.co/nybvargvar, private views #effzeh"
62757067,studierter ausbilder & fachautor|fÃ¼r ideologiefreie medien & wissenschaft|ğŸ“#media #communication #politics #militaryhistory|â¤ï¸ğŸ‡­ğŸ‡·ğŸ‡®ğŸ‡±&cosims|ğŸª–veteran|privat
841412635270762496,"mdb und #eu-politischer sprecher afd-bundestag 10/17-03/25; dipl.-Ã¶konom, int. wirtschaft, bwl und (inter)nationale identitÃ¤tspolitik; th kÃ¶ln, prof. a.d."
885446036507983872,"es twittert das pr-team der niederrheinischen #ihk. #gemeinsamunternehmen wir gutes fÃ¼r die #wirtschaft. 
impressum: https://t.co/tle3whr4yo"
895369738070708224,"offizieller twitter-account des ministeriums fÃ¼r #heimat, #kommunales, #bau und #digitalisierung #nrw. impressum: https://t.co/azipf06wac"
233476301,hier twittert deutschlands grÃ¶ÃŸter sozialverband zu #rente #behinderung #armut #pflege #gesundheit #sozialrecht ... impressum: https://t.co/0j3a4ibpcj
1314290742366531584,"bunte, parteipolitisch neutrale gruppe von menschen fÃ¼r sichere bildung.#sicherebildungjetzt ist teil vom #teamsicherebildung"
252952532,hier postet das #socialmedia-team des bundesministerium/s fÃ¼r verkehr. bitte achtet unsere https://t.co/yff2haj30d
801908038554755072,#socialmedia #community #nordrheinwestfalen â€¢ #smcnrw #nrw
1078771118104825856,ğŸ“int'l politics & law @unibw_m + @ifhv_bochum â€¢ board member @dgvn_de Â· @wiis â€¢ ex @swp_intsecurity + @lselaw â€¢ #ai4defğŸ”¥
3000571571,sporadisch unterwegs in der hÃ¶lle auf erden: twitter #sport #wirtschaft #politik #klimawandel #energiewende
2839887003,hier twittert die pressestelle der aok rheinland/hamburg news und kommentare zu #gesundheit und #gesundheitspolitik. impressum/datenschutz: https://t.co/kuxfiuyxs6
78584959,"redakteur bei siegener zeitung - hier privat und beruflich unterwegs, https://t.co/ohnhdnuwu0 #effzeh"
94649489,"nachrichten am besten Ã¼ber info@tollerunterricht.com ğŸ“© bin eher bei instagram unter @ toller_unterricht anzutreffen, hier nur noch â€visitenkarteâ€œ #twlz"
7526362,"scientist, #nocovid, bfn, kaitousentai,
diepartei, vice antoinette, 30+, twisted wonderland"
1054746854695600128,"stv. parteichef @cdu kÃ¶ln, konservativğŸ“#kÃ¶ln & marburg, #sge"
2362471854,nordstadt selber machen! #dortmund
485659996,"gegen rechte strukturen aller art - nicht nur in #mÃ¼nster.
keinen meter den nazis!"
816608452890001408,"uni zÃ¼rich master of law
autorin, seit 2010 male ich.
#eumussweg: mein gegenvorschlag, link zum bestellen:"
1296132220369932288,"#teamsicherebildung fÃ¼r infektionsschutz in kitas, schulen, unis, bildungseinrichtungen #covidisnotover #longcovid #prÃ¤ventionstattreinfektion #davosstandard"
980382727135473664,"sinn fÃ¼r die zwischentÃ¶ne des lebens #homopoliticus 
 #civilsociety  #inklusion  #gerechtigkeit"
1017352831962107905,"kongess - #neuland â€“ creating the digital & sustainable future together
â€¢ 27. - 28. juni 2023 â€¢ aachen | #createthefuturetogether"
